Date and time (UTC),"Rocket, Booster Version",Boosters,Stage 2 Version,Stage 2 Serial Number,Launch site,Time Between Launches,Payload,Payload mass,Orbit,Customer,Launchoutcome,Landing Location,Booster landing / Ship landing,Latitude,Longitude,Support,Tug,Recovered,Fairing Flight Numbers,Fairing Recovery Ships,Fairing Latitude,Fairing Longitude
3/24/06 22:30,F1 v1.0,Unknown,Unknown,Unknown,Omelek Island,N/A,FalconSAT-2,19.5 kg,Low-Earth Orbit,DARPA,Failure,None,Failure (parachute),N/A,N/A,N/A,N/A,N/A,1 / 1,N/A,N/A,N/A
3/21/07 1:10,F1 v1.0,Unknown,Unknown,Unknown,Omelek Island,"361 days, 02 hours, 39 minutes",DemoSat,Unknown,Low-Earth Orbit,DARPA,Failure,None,No Attempt,N/A,N/A,N/A,N/A,N/A,1 / 1,N/A,N/A,N/A
08/03/08 3:34,F1 v1.0,Unknown,Unknown,Unknown,Omelek Island,"501 days, 02 hours, 23 minutes",Trailblazer PRESat NanoSail-D Explorers,4 kg,Low-Earth Orbit,ORS/NASA,Failure,None,Failure (parachute),N/A,N/A,N/A,N/A,N/A,1 / 1,N/A,N/A,N/A
9/28/08 23:15,F1 v1.0,Unknown,Unknown,Unknown,Omelek Island,"56 days, 19 hours, 41 minutes",RatSat,165 kg,Low-Earth Orbit,SpaceX,Success,None,No Attempt,N/A,N/A,N/A,N/A,N/A,1 / 1,N/A,N/A,N/A
7/14/09 3:35,F1 v1.0,Unknown,Unknown,Unknown,Omelek Island,"288 days, 04 hours, 19 minutes",RazakSAT,180 kg,Low-Earth Orbit,ATSB,Success,None,No Attempt,N/A,N/A,N/A,N/A,N/A,1 / 1,N/A,N/A,N/A
6/4/10 18:45,F9 v1.0,B0003-1,Unknown,Unknown,SLC-40,"325 days, 15 hours, 10 minutes",Dragon Spacecraft Qualification Unit,No payload (excl. Dragon Mass),Low-Earth Orbit,SpaceX,Success,None,Failure (parachute),N/A,N/A,N/A,N/A,N/A,N/A,N/A,N/A,N/A
12/8/10 15:43,F9 v1.0,B0004-1,Unknown,Unknown,SLC-40,"186 days, 20 hours, 58 minutes",SpaceX COTS Demo Flight 1 (Dragon C101),Unknown (excl. Dragon Mass),Low-Earth Orbit,"NASA (COTS), various others",Success,None,Failure (parachute),N/A,N/A,N/A,N/A,N/A,N/A,N/A,N/A,N/A
5/22/12 7:44,F9 v1.0,B0005-1,Unknown,Unknown,SLC-40,"530 days, 16 hours, 00 minutes",SpaceX COTS Demo Flight 2 (Dragon C102),"525 kg (1,157 lb) (excl. Dragon mass)",Low-Earth Orbit,NASA (COTS),Success,None,No Attempt,N/A,N/A,N/A,N/A,N/A,N/A,N/A,N/A,N/A
10/8/12 0:35,F9 v1.0,B0006-1,Unknown,Unknown,SLC-40,"138 days, 16 hours, 50 minutes","SpaceX CRS-1 (Dragon C103), Orbcomm-OG2","4,700 kg (10,400 lb) (excl. Dragon mass)",Low-Earth Orbit,"NASA (CRS), Orbcomm",Partial Success,None,No Attempt,N/A,N/A,N/A,N/A,N/A,N/A,N/A,N/A,N/A
3/1/13 15:10,F9 v1.0,B0007-1,Unknown,Unknown,SLC-40,"144 days, 14 hours, 35 minutes",SpaceX CRS-2 (Dragon C104),"4,877 kg (10,752 lb) (excl. Dragon mass)",Low-Earth Orbit,NASA (CRS),Success,None,No Attempt,N/A,N/A,N/A,N/A,N/A,N/A,N/A,N/A,N/A
9/29/13 16:00,F9 v1.1 B1,B1003-1,Unknown,Unknown,SLC-4E,"212 days, 00 hours, 49 minutes",CASSIOPE,"500 kg (1,100 lb)",Polar Low-Earth Orbit,MDA,Success,None,Uncontrolled (ocean),N/A,N/A,N/A,N/A,No / No,1 / 1,N/A,N/A,N/A
12/3/13 22:41,F9 v1.1 B1,B1004-1,Unknown,Unknown,SLC-40,"65 days, 06 hours, 41 minutes",SES-8,"3,170 kg (6,990 lb)",Geostationary Transfer Orbit,SES,Success,None,No Attempt,N/A,N/A,N/A,N/A,No / No,1 / 1,N/A,N/A,N/A
1/6/14 22:06,F9 v1.1 B1,B1005-1,Unknown,Unknown,SLC-40,"33 days, 23 hours, 24 minutes",Thaicom 6,"3,325 kg (7,330 lb)",Geostationary Transfer Orbit,Thaicom,Success,None,No Attempt,N/A,N/A,N/A,N/A,No / No,1 / 1,N/A,N/A,N/A
4/18/14 19:25,F9 v1.1 B1,B1006-1,Unknown,Unknown,SLC-40,"101 days, 21 hours, 19 minutes",SpaceX CRS-3 (Dragon C105),"2,296 kg (5,062 lb) (excl. Dragon mass)",Low-Earth Orbit,NASA (CRS),Success,None,Controlled (ocean),N/A,N/A,N/A,N/A,N/A,N/A,N/A,N/A,N/A
7/14/14 15:15,F9 v1.1 B1,B1007-1,Unknown,Unknown,SLC-40,"86 days, 19 hours, 49 minutes",Orbcomm-OG2-1(6 satellites),"1,316 kg (2,901 lb)",Low-Earth Orbit,Orbcomm,Success,None,Controlled (ocean),N/A,N/A,N/A,N/A,No / No,1 / 1,N/A,N/A,N/A
8/5/14 8:00,F9 v1.1 B1,B1008-1,Unknown,Unknown,SLC-40,"21 days, 16 hours, 45 minutes",AsiaSat 8,"4,535 kg (9,998 lb)",Geostationary Transfer Orbit,AsiaSat,Success,None,No Attempt,N/A,N/A,N/A,N/A,No / No,1 / 1,N/A,N/A,N/A
9/7/14 5:00,F9 v1.1 B2,B1011-1,Unknown,Unknown,SLC-40,"32 days, 21 hours, 00 minutes",AsiaSat 6,"4,428 kg (9,762 lb)",Geostationary Transfer Orbit,AsiaSat,Success,None,No Attempt,N/A,N/A,N/A,N/A,No / No,1 / 1,N/A,N/A,N/A
9/21/14 5:52,F9 v1.1 B1,B1010-1,Unknown,Unknown,SLC-40,"14 days, 00 hours, 51 minutes",SpaceX CRS-4 (Dragon C106-1),"2,216 kg (4,885 lb) (excl. Dragon mass)",Low-Earth Orbit,NASA (CRS),Success,None,Uncontrolled (ocean),N/A,N/A,N/A,N/A,N/A,N/A,N/A,N/A,N/A
1/10/15 9:47,F9 v1.1 B2,B1012-1,Unknown,Unknown,SLC-40,"111 days, 03 hours, 55 minutes",SpaceX CRS-5 (Dragon C107),"2,395 kg (5,280 lb) (excl. Dragon mass)",Low-Earth Orbit,NASA (CRS),Success,JRtI,Failure,30.8316667,-78.1080556,GO Quest,Elsbeth III,N/A,N/A,N/A,N/A,N/A
2/11/15 23:03,F9 v1.1 B2,B1013-1,Unknown,Unknown,SLC-40,"32 days, 13 hours, 16 minutes",DSCOVR,"570 kg (1,260 lb)",Sun–Earth L1,"USAF, NASA, NOAA",Success,None,Controlled (ocean),N/A,N/A,N/A,N/A,No / No,1 / 1,N/A,N/A,N/A
3/2/15 3:50,F9 v1.1 B2,B1014-1,Unknown,Unknown,SLC-40,"18 days, 04 hours, 46 minutes","ABS-3A, Eutelsat 115 West B","4,159 kg (9,169 lb)",Geostationary Transfer Orbit,"ABS, Eutelsat",Success,None,No Attempt,N/A,N/A,N/A,N/A,No / No,1 / 1,N/A,N/A,N/A
4/14/15 20:10,F9 v1.1 B2,B1015-1,Unknown,Unknown,SLC-40,"43 days, 16 hours, 20 minutes",SpaceX CRS-6 (Dragon C108-1),"1,898 kg (4,184 lb) (excl. Dragon mass)",Low-Earth Orbit,NASA (CRS),Success,JRtI,Failure,30.8316646,-78.1080554,GO Quest,Elsbeth III,N/A,N/A,N/A,N/A,N/A
4/27/15 23:03,F9 v1.1 B2,B1016-1,Unknown,Unknown,SLC-40,"13 days, 02 hours, 52 minutes",TürkmenÄlem 52°E / MonacoSAT,"4,707 kg (10,377 lb)",Geostationary Transfer Orbit,Turkmenistan NationalSpace Agency,Success,None,No Attempt,N/A,N/A,N/A,N/A,No / No,1 / 1,N/A,N/A,N/A
6/28/15 14:21,F9 v1.1 B2,B1018-1,Unknown,Unknown,SLC-40,"61 days, 15 hours, 17 minutes",SpaceX CRS-7 (Dragon C109),"1,952 kg (4,303 lb) (excl. Dragon mass)",Low-Earth Orbit,NASA (CRS),Failure (in flight),OCISLY,Precluded,30.8316646,-78.1080527,GO Quest,Elsbeth III,N/A,N/A,N/A,N/A,N/A
12/22/15 1:29,F9 v1.2 B1,B1019-1,Unknown,Unknown,SLC-40,"176 days, 11 hours, 07 minutes",Orbcomm-OG2-2(11 satellites),"2,034 kg (4,484 lb)",Low-Earth Orbit,Orbcomm,Success,LZ-1,Success,N/A,N/A,N/A,N/A,No / No,1 / 1,N/A,N/A,N/A
1/17/16 18:42,F9 v1.1 B2,B1017-1,Unknown,Unknown,SLC-4E,"26 days, 17 hours, 13 minutes",Jason-3,"553 kg (1,219 lb)",Low-Earth Orbit,"NASA (LSP), NOAA, CNES",Success,JRtI,Failure,32.1288868,-120.7786127,NRC Quest,Int. Freedom,No / No,1 / 1,N/A,N/A,N/A
3/4/16 23:35,F9 v1.2 B1,B1020-1,Unknown,Unknown,SLC-40,"47 days, 04 hours, 53 minutes",SES-9,"5,271 kg (11,621 lb)",Geostationary Transfer Orbit,SES,Success,OCISLY,Failure,28.2722222,-73.8180556,GO Quest,Elsbeth III,No / No,1 / 1,N/A,N/A,N/A
4/8/16 20:43,F9 v1.2 B2,B1021-1,Unknown,Unknown,SLC-40,"34 days, 21 hours, 07 minutes",SpaceX CRS-8 (Dragon C110-1),"3,136 kg (6,914 lb) (excl. Dragon mass)",Low-Earth Orbit,NASA (CRS),Success,OCISLY,Success,30.5,-78.5,GO Quest,Elsbeth III,N/A,N/A,N/A,N/A,N/A
5/6/16 5:21,F9 v1.2 B2,B1022-1,Unknown,Unknown,SLC-40,"27 days, 08 hours, 38 minutes",JCSAT-14,"4,696 kg (10,353 lb)",Geostationary Transfer Orbit,SKY Perfect JSAT Group,Success,OCISLY,Success,28.19166,-73.83749,GO Quest,Elsbeth III,No / No,1 / 1,N/A,N/A,N/A
5/27/16 21:39,F9 v1.2 B2,B1023-1,Unknown,Unknown,SLC-40,"21 days, 16 hours, 18 minutes",Thaicom 8,"3,100 kg (6,800 lb)",Geostationary Transfer Orbit,Thaicom,Success,OCISLY,Success,28.1147222,-73.6422222,GO Quest,Elsbeth III,No / No,1 / 1,GO Searcher,Unknown,Unknown
6/15/16 14:29,F9 v1.2 B2,B1024-1,Unknown,Unknown,SLC-40,"18 days, 16 hours, 50 minutes",ABS-2A / Eutelsat 117 West B,"3,600 kg (7,900 lb)",Geostationary Transfer Orbit,"ABS, Eutelsat",Success,OCISLY,Failure,28.1147222,-73.6422222,GO Quest,Elsbeth III,No / No,1 / 1,GO Searcher,Unknown,Unknown
7/18/16 4:45,F9 v1.2 B2,B1025-1,Unknown,Unknown,SLC-40,"32 days, 14 hours, 15 minutes",SpaceX CRS-9 (Dragon C111-1),"2,257 kg (4,976 lb) (excl. Dragon mass)",Low-Earth Orbit,NASA (CRS),Success,LZ-1,Success,N/A,N/A,N/A,N/A,N/A,N/A,N/A,N/A,N/A
8/14/16 5:26,F9 v1.2 B2,B1026-1,Unknown,Unknown,SLC-40,"27 days, 00 hours, 41 minutes",JCSAT-16,"4,600 kg (10,100 lb)",Geostationary Transfer Orbit,SKY Perfect JSAT Group,Success,OCISLY,Success,28.1030556,-74.5666667,GO Quest,Elsbeth III,No / No,1 / 1,GO Searcher,Unknown,Unknown
9/3/2016 7:00:00 (planned),F9 v1.2 B3,B1028-1,Unknown,Unknown,SLC-40,"20 days, 01 hours, 33 minutes (planned)",AMOS-6,"5,500 kg (12,100 lb)",Geostationary Transfer Orbit,Spacecom,Failure (testing),OCISLY,Precluded,28.1477778,-73.83,GO Quest,Elsbeth III,Precluded / Precluded,1 / 1,N/A,N/A,N/A
1/14/17 17:54,F9 v1.2 B3,B1029-1,Unknown,Unknown,SLC-4E,"153 days, 12 hours, 27 minutes",Iridium NEXT-1(10 satellites),"9,600 kg (21,200 lb)",Polar Low-Earth Orbit,Iridium Communications,Success,JRtI,Success,31.2958333,-120.5127778,NRC Quest,Pacific Warrior,No / No,1 / 1,N/A,N/A,N/A
2/19/17 14:39,F9 v1.2 B3,B1031-1,Unknown,Unknown,LC-39A,"35 days, 20 hours, 45 minutes",SpaceX CRS-10 (Dragon C112-1),"2,490 kg (5,490 lb) (excl. Dragon mass)",Low-Earth Orbit,NASA (CRS),Success,LZ-1,Success,N/A,N/A,N/A,N/A,N/A,N/A,N/A,N/A,N/A
3/16/17 6:00,F9 v1.2 B3,B1030-1,Unknown,Unknown,LC-39A,"24 days, 15 hours, 20 minutes",EchoStar 23,"5,600 kg (12,300 lb)",Geostationary Transfer Orbit,EchoStar,Success,None,No Attempt,N/A,N/A,N/A,N/A,No / No,1 / 1,N/A,N/A,N/A
3/30/17 22:27,F9 v1.2 B2,B1021-2,Unknown,Unknown,LC-39A,"14 days, 16 hours, 27 minutes",SES-10,"5,300 kg (11,700 lb)",Geostationary Transfer Orbit,SES,Success,OCISLY,Success,28.2552778,-74.0216667,GO Quest,Elsbeth III,No / No,1 / 1,GO Searcher,Unknown,Unknown
5/1/17 11:15,F9 v1.2 B3,B1032-1,Unknown,Unknown,LC-39A,"31 days, 12 hours, 47 minutes",NROL-76,Classified,Low-Earth Orbit,NRO,Success,LZ-1,Success,N/A,N/A,N/A,N/A,No / No,1 / 1,N/A,N/A,N/A
5/15/17 23:21,F9 v1.2 B3,B1034-1,Unknown,Unknown,LC-39A,"14 days, 12 hours, 05 minutes",Inmarsat-5 F4,"6,070 kg (13,380 lb)",Geostationary Transfer Orbit,Inmarsat,Success,None,No Attempt,N/A,N/A,N/A,N/A,No / No,1 / 1,N/A,N/A,N/A
6/3/17 21:07,F9 v1.2 B3,B1035-1,Unknown,Unknown,LC-39A,"18 days, 21 hours, 46 minutes",SpaceX CRS-11 (Dragon C106-2),"2,708 kg (5,970 lb) (excl. Dragon mass)",Low-Earth Orbit,NASA (CRS),Success,LZ-1,Success,N/A,N/A,N/A,N/A,N/A,N/A,N/A,N/A,N/A
6/23/17 19:10,F9 v1.2 B3,B1029-2,Unknown,Unknown,LC-39A,"19 days, 22 hours, 02 minutes",BulgariaSat-1,"3,669 kg (8,089 lb)",Geostationary Transfer Orbit,Bulsatcom,Success,OCISLY,Success,28.23,-73.6808333,GO Quest,Elsbeth III,No / No,1 / 1,GO Searcher,28.1880,-72.5471
6/25/17 20:25,F9 v1.2 B3,B1036-1,Unknown,Unknown,SLC-4E,"2 days, 01 hours, 15 minutes",Iridium NEXT-2(10 satellites),"9,600 kg (21,200 lb)",Low-Earth Orbit,Iridium Communications,Success,JRtI,Success,31.7522,-119.9613,NRC Quest,Kelly C,No / No,1 / 1,N/A,N/A,N/A
7/5/17 23:38,F9 v1.2 B3,B1037-1,Unknown,Unknown,LC-39A,"10 days, 03 hours, 13 minutes",Intelsat 35e,"6,761 kg (14,905 lb)",Geostationary Transfer Orbit,Intelsat,Success,None,No Attempt,N/A,N/A,N/A,N/A,Unknown / Unknown,1 / 1,GO Searcher,27.8327,-71.4227
8/14/17 16:31,F9 v1.2 B4,B1039-1,Unknown,Unknown,LC-39A,"39 days, 16 hours, 53 minutes",SpaceX CRS-12 (Dragon C113-1),"3,310 kg (7,300 lb) (excl. Dragon mass)",Low-Earth Orbit,NASA (CRS),Success,LZ-1,Success,N/A,N/A,N/A,N/A,N/A,N/A,N/A,N/A,N/A
8/24/17 18:51,F9 v1.2 B3,B1038-1,Unknown,Unknown,SLC-4E,"10 days, 02 hours, 19 minutes",Formosat-5,"475 kg (1,047 lb)",Sun-Synchronous Orbit,NSPO,Success,JRtI,Success,31.6661111,-121.6619444,NRC Quest,Betty R Gambarella,No / No,1 / 1,N/A,N/A,N/A
9/7/17 14:00,F9 v1.2 B4,B1040-1,Unknown,Unknown,LC-39A,"13 days, 19 hours, 09 minutes",Boeing X-37B OTV-5,"4,990 kg (11,000 lb)+ OTV payload",Low-Earth Orbit,USAF,Success,LZ-1,Success,N/A,N/A,N/A,N/A,No / No,1 / 1,N/A,N/A,N/A
10/9/17 12:37,F9 v1.2 B4,B1041-1,Unknown,Unknown,SLC-4E,"31 days, 22 hours, 36 minutes",Iridium NEXT-3(10 satellites),"9,600 kg (21,200 lb)",Polar Low-Earth Orbit,Iridium Communications,Success,JRtI,Success,32.4852778,-120.0647222,NRC Quest,Betty R Gambarella,No / No,1 / 1,N/A,N/A,N/A
10/11/17 22:53,F9 v1.2 B3,B1031-2,Unknown,Unknown,LC-39A,"2 days, 10 hours, 16 minutes",SES-11 / EchoStar 105,"5,400 kg (11,900 lb)",Geostationary Transfer Orbit,"SES S.A., EchoStar",Success,OCISLY,Success,28.5067,-73.9561,GO Quest,Hawk,No / No,1 / 1,GO Searcher,28.3337,-72.7872
10/30/17 19:34,F9 v1.2 B4,B1042-1,Unknown,Unknown,LC-39A,"18 days, 20 hours, 41 minutes",Koreasat 5A,"3,500 kg (7,700 lb)",Geostationary Transfer Orbit,KT Corporation,Success,OCISLY,Success,28.0113889,-74.2605556,GO Quest,Hawk,No / No,1 / 1,Mr. Steven,27.9454,-72.5367
12/15/17 15:36,F9 v1.2 B3,B1031-2,Unknown,Unknown,SLC-40,"45 days, 20 hours, 01 minutes",SpaceX CRS-13 (Dragon C108-2),"2,205 kg (4,861 lb) (excl. Dragon mass)",Low-Earth Orbit,NASA (CRS),Success,LZ-1,Success,N/A,N/A,N/A,N/A,N/A,N/A,N/A,N/A,N/A
12/23/17 1:27,F9 v1.2 B4,B1036-2,Unknown,Unknown,SLC-4E,"7 days, 09 hours, 50 minutes",Iridium NEXT-4(10 satellites),"9,600 kg (21,200 lb)",Polar Low-Earth Orbit,Iridium Communications,Success,None,Controlled (ocean),N/A,N/A,N/A,N/A,No / No,1 / 1,Mr. Steven,28.7734,-120.6080
1/8/18 1:00,F9 v1.2 B4,B1043-1,Unknown,Unknown,SLC-40,"15 days, 23 hours, 32 minutes",Zuma,Classified,Low-Earth Orbit,Northrop Grumman,Success,LZ-1,Success,N/A,N/A,N/A,N/A,No / No,1 / 1,N/A,N/A,N/A
1/31/18 21:25,F9 v1.2 B3,B1032-2,Unknown,Unknown,SLC-40,"23 days, 20 hours, 25 minutes",GovSat-1 (SES-16),"4,230 kg (9,330 lb)",Geostationary Transfer Orbit,SES,Success,None,Controlled (ocean),N/A,N/A,N/A,N/A,No / No,1 / 1,GO Searcher,28.0230,-72.4480
2/6/18 20:45,"FH v1.2 B3, F9 v1.2 B2, F9 v1.2 B2","B1033-1, B1023-2, B1025-2",Unknown,Unknown,LC-39A,"5 days, 23 hours, 20 minutes",Elon Musk's Tesla Roadster,"1,250 kg (2,760 lb)",Heliocentric,SpaceX,Success,OCISLY / LZ-1 / LZ-2,Failure / Success / Success,29.0195,-75.444,GO Quest,Hawk,No / No,1 / 1,N/A,N/A,N/A
2/22/18 14:17,F9 v1.2 B3,B1038-2,Unknown,Unknown,SLC-4E,"15 days, 17 hours, 31 minutes","Paz, Tintin A and Tintin B","2,150 kg (4,740 lb)",Sun-Synchronous Orbit,"Hisdesat, exactEarth, SpaceX",Success,None,No Attempt,N/A,N/A,N/A,N/A,Yes / No,1 / 1,Mr. Steven,30.3469,-121.5926
3/6/18 5:33,F9 v1.2 B4,B1044-1,Unknown,Unknown,SLC-40,"11 days, 15 hours, 15 minutes","Hispasat 30W-6, PODSat","6,092 kg (13,431 lb)",Geostationary Transfer Orbit,"Hispasat, NovaWurks",Success,None,Controlled (ocean),N/A,N/A,N/A,N/A,No / No,1 / 1,N/A,N/A,N/A
3/30/18 14:14,F9 v1.2 B4,B1041-2,Unknown,Unknown,SLC-4E,"24 days, 08 hours, 41 minutes",Iridium NEXT-5(10 satellites),"9,600 kg (21,200 lb)",Polar Low-Earth Orbit,Iridium Communications,Success,None,Controlled (ocean),N/A,N/A,N/A,N/A,Yes / No,1 / 1,Mr. Steven,28.6844,-120.5613
4/2/18 20:30,F9 v1.2 B4,B1039-2,Unknown,Unknown,SLC-40,"3 days, 06 hours, 15 minutes",SpaceX CRS-14 (Dragon C110-2),"2,647 kg (5,836 lb) (excl. Dragon mass)",Low-Earth Orbit,NASA (CRS),Success,None,No Attempt,N/A,N/A,N/A,N/A,N/A,N/A,N/A,N/A,N/A
4/18/18 22:51,F9 v1.2 B4,B1045-1,Unknown,Unknown,SLC-40,"16 days, 02 hours, 20 minutes",Transiting Exoplanet Survey Satellite (TESS),362 kg (798 lb),High-Earth Orbit,NASA (LSP),Success,OCISLY,Success,28.8741667,-77.5063889,GO Quest,Hawk,No / No,1 / 1,GO Pursuit,29.1268,-74.6131
5/11/18 20:14,F9 v1.2 B5.0,B1046-1,Unknown,Unknown,LC-39A,"22 days, 21 hours, 23 minutes",Bangabandhu-1,"3,600 kg (7,900 lb)",Geostationary Transfer Orbit,Thales-Alenia / BTRC,Success,OCISLY,Success,28.2980,-74.1366,GO Quest,Rachel,No / No,1 / 1,GO Pursuit,28.1716,-72.6994
5/22/18 19:47,F9 v1.2 B4,B1043-2,Unknown,Unknown,SLC-4E,"10 days, 23 hours, 33 minutes","Iridium NEXT-6(5 satellites), GRACE-FO (2 satellites)","6,460 kg (14,240 lb)",Polar Low-Earth Orbit,"Iridium Communications, GFZ, NASA",Success,None,No Attempt,N/A,N/A,N/A,N/A,Yes / Yes,1 / 1,Mr. Steven,26.6617,-120.5420
6/4/18 4:45,F9 v1.2 B4,B1040-2,Unknown,Unknown,SLC-40,"12 days, 08 hours, 57 minutes",SES-12,"5,384 kg (11,870 lb)",Geostationary Transfer Orbit,SES,Success,None,No Attempt,N/A,N/A,N/A,N/A,Yes / No,1 / 1,GO Pursuit,28.5915,-71.0890
6/29/18 9:42,F9 v1.2 B4,B1045-2,Unknown,Unknown,SLC-40,"25 days, 04 hours, 57 minutes",SpaceX CRS-15 (Dragon C111-2),"2,697 kg (5,946 lb) (excl. Dragon mass)",Low-Earth Orbit,NASA (CRS),Success,None,No Attempt,N/A,N/A,N/A,N/A,N/A,N/A,N/A,N/A,N/A
7/22/18 5:50,F9 v1.2 B5.0,B1047-1,Unknown,Unknown,SLC-40,"22 days, 20 hours, 07 minutes",Telstar 19V,"7,075 kg (15,598 lb)",Geostationary Transfer Orbit,Telesat,Success,OCISLY,Success,28.3748,-74.1570,GO Quest,Hawk,No / No,1 / 1,GO Pursuit,28.2624,-72.6927
7/25/18 11:39,F9 v1.2 B5.0,B1048-1,Unknown,Unknown,SLC-4E,"3 days, 05 hours, 49 minutes",Iridium NEXT-7(10 satellites),"9,600 kg (21,200 lb)",Polar Low-Earth Orbit,Iridium Communications,Success,JRtI,Success,32.4853,-120.0647,NRC Quest,Freedom,Yes / No,1 / 1,Mr. Steven,29.3728,-119.9917
8/7/18 5:18,F9 v1.2 B5.0,B1046-2,Unknown,Unknown,SLC-40,"12 days, 17 hours, 38 minutes",Merah Putih (formerly Telkom-4),"5,800 kg (12,800 lb)",Geostationary Transfer Orbit,Telkom Indonesia,Success,OCISLY,Success,28.3342,-73.8794,GO Quest,Hawk,No / No,1 / 1,N/A,N/A,N/A
9/10/18 4:45,F9 v1.2 B5.0,B1049-1,Unknown,Unknown,SLC-40,"33 days, 23 hours, 26 minutes",Telstar 18V / Apstar-5C,"7,060 kg (15,560 lb)",Geostationary Transfer Orbit,Telesat,Success,OCISLY,Success,28.4222,-73.9813,GO Quest,Hawk,No / No,1 / 1,N/A,N/A,N/A
10/8/18 2:22,F9 v1.2 B5.0,B1048-2,Unknown,Unknown,SLC-4E,"27 days, 21 hours, 37 minutes",SAOCOM 1A,"3,000 kg (6,600 lb)",Sun-Synchronous Orbit,CONAE,Success,LZ-4,Success,N/A,N/A,N/A,N/A,No / No,1 / 1,N/A,N/A,N/A
11/15/18 20:46,F9 v1.2 B5.0,B1047-2,Unknown,Unknown,LC-39A,"38 days, 18 hours, 23 minutes",Es'hail 2,"5,300 kg (11,700 lb)",Geostationary Transfer Orbit,Es'hailSat,Success,OCISLY,Success,28.3525,-73.8825,GO Quest,Hawk,No / No,1 / 1,N/A,N/A,N/A
12/3/18 18:34,F9 v1.2 B5.0,B1046-3,Unknown,Unknown,SLC-4E,"17 days, 21 hours, 47 minutes",Sun-Synchronous Orbit-A (SmallSat Express),"~4,000 kg (8,800 lb)",Sun-Synchronous Orbit,Spaceflight Industries,Success,JRtI,Success,34.5480,-121.1290,NRC Quest,Freedom,Yes / Yes,1 / 1,Mr. Steven,31.5812,-121.1726
12/5/18 18:16,F9 v1.2 B5.0,B1050-1,Unknown,Unknown,SLC-40,"1 days, 23 hours, 42 minutes",SpaceX CRS-16 (Dragon C112-2),"2,500 kg (5,500 lb) (excl. Dragon mass)",Low-Earth Orbit,NASA (CRS),Success,LZ-1,Failure,N/A,N/A,N/A,N/A,N/A,N/A,N/A,N/A,N/A
12/23/18 13:51,F9 v1.2 B5.2,B1054-1,Unknown,Unknown,SLC-40,"17 days, 19 hours, 34 minutes",GPS III SV01 (Vespucci),"4,400 kg (9,700 lb)",Medium-Earth Orbit,USAF,Success,None,No Attempt,N/A,N/A,N/A,N/A,No / No,1 / 1,GO Pursuit,N/A,N/A
1/11/19 15:31,F9 v1.2 B5.0,B1049-2,Unknown,Unknown,SLC-4E,"19 days, 01 hours, 40 minutes",Iridium NEXT-8(10 satellites),"9,600 kg (21,200 lb)",Polar Low-Earth Orbit,Iridium Communications,Success,JRtI,Success,32.4853,-120.0647,NRC Quest / John Henry,Freedom,No / No,1 / 1,N/A,N/A,N/A
2/22/19 1:45,F9 v1.2 B5.0,B1048-3,Unknown,Unknown,SLC-40,"41 days, 10 hours, 14 minutes","Nusantara Satu (PSN-6), Beresheet Moon lander","4,850 kg (10,690 lb)",Geostationary Transfer Orbit,"PSN, SpaceIL / IAI, Air Force Research",Success,OCISLY,Success,28.2840,-73.6966,GO Quest,Signet Warhorse III,No / No,1 / 1,Mr. Steven,N/A,N/A
3/2/19 7:49,F9 v1.2 B5.1,B1051-1,Unknown,Unknown,LC-39A,"8 days, 06 hours, 04 minutes",Crew Dragon Demo-1 (Dragon C201),"12,055 kg (26,577 lb)",Low-Earth Orbit,NASA (CCD),Success,OCISLY,Success,31.7231,-76.9797,GO Quest,Hollywood,N/A,N/A,N/A,N/A,N/A
4/11/19 22:35,"FH v1.2 B5.2, F9 v1.2 B5.1, F9 v1.2 B5.1","B1055-1, B1052-1, B1053-1",Unknown,Unknown,LC-39A,"40 days, 14 hours, 45 minutes",Arabsat-6A,"6,465 (14,253 lb)",Geostationary Transfer Orbit,Arabsat,Success,OCISLY / LZ-1 / LZ-2,Success / Success / Success,28.5492,-70.7100,GO Quest,Hollywood,Yes / Yes,1 / 1,GO Searcher / GO Navigator,28.5697,-70.0745
5/4/19 6:48,F9 v1.2 B5.3,B1056-1,Unknown,Unknown,SLC-40,"22 days, 08 hours, 13 minutes",SpaceX CRS-17 (Dragon C113-2),"2,495 kg (5,501 lb) (excl. Dragon mass)",Low-Earth Orbit,NASA (CRS),Success,OCISLY,Success,28.4428,-80.3217,GO Quest,Hollywood,N/A,N/A,N/A,N/A,N/A
5/24/19 2:30,F9 v1.2 B5.0,B1049-3,Unknown,Unknown,SLC-40,"19 days, 19 hours, 41 minutes",Starlink v0.9 (60 satellites),"13,620 kg (30,030 lb)",Low-Earth Orbit,SpaceX,Success,OCISLY,Success,32.8158,-76.3825,GO Quest,Hollywood,Yes / Yes,1 / 1,GO Searcher / GO Navigator,33.3677,-75.4648
6/12/19 14:17,F9 v1.2 B5.1,B1051-2,Unknown,Unknown,SLC-4E,"19 days, 11 hours, 46 minutes",RADARSAT Constellation(3 satellites),"4,200 kg (9,300 lb)",Sun-Synchronous Orbit,Canadian Space Agency (CSA),Success,LZ-4,Success,N/A,N/A,N/A,N/A,No / No,1 / 1,N/A,N/A,N/A
6/25/19 6:30,"FH v1.2 B5.3, F9 v1.2 B5.1, F9 v1.2 B5.1","B1057-1, B1052-2, B1053-2",Unknown,Unknown,LC-39A,"12 days, 16 hours, 13 minutes",Space Test Program Flight 2 (STP-2),"3,700 kg (8,200 lb)",Low-Earth Orbit/Medium-Earth Orbit,USAF,Success,OCISLY / LZ-1 / LZ-2,Failure / Success / Success,27.9478,-68.0153,GO Quest,Hollywood,Yes (Catch) / No,1 / 1,GO Ms. Tree / GO Navigator,27.7854,-66.9092
7/25/19 22:01,F9 v1.2 B5.3,B1056-2,Unknown,Unknown,SLC-40,"30 days, 15 hours, 30 minutes",SpaceX CRS-18 (Dragon C108-3),"2,268 kg (5,000 lb) (excl. Dragon mass)",Low-Earth Orbit,NASA (CRS),Success,LZ-1,Success,N/A,N/A,N/A,N/A,N/A,N/A,N/A,N/A,N/A
8/6/19 23:23,F9 v1.2 B5.0,B1047-3,Unknown,Unknown,SLC-40,"12 days, 01 hours, 22 minutes",AMOS-17,"6,500 kg (14,300 lb)",Geostationary Transfer Orbit,Spacecom,Success,None,No Attempt,N/A,N/A,N/A,N/A,Yes / Yes (Catch),1 / 1,GO Navigator / GO Ms. Tree,28.4536,-71.1429
11/11/19 14:56,F9 v1.2 B5.0,B1048-4,Unknown,Unknown,SLC-40,"96 days, 15 hours, 32 minutes",Starlink 1 v1.0 (60 satellites),"15,600 kg (34,400 lb)",Low-Earth Orbit,SpaceX,Success,OCISLY,Success,32.5472,-75.9231,GO Quest,Hawk,No / No,2 / 2,N/A,N/A,N/A
12/5/19 17:29,F9 v1.2 B5.3,B1059-1,Unknown,Unknown,SLC-40,"24 days, 02 hours, 33 minutes",SpaceX CRS-19 (Dragon C106-3),"2,617 kg (5,769 lb) (excl. Dragon mass)",Low-Earth Orbit,NASA (CRS),Success,OCISLY,Success,30.9483,-78.3022,GO Quest,Hawk,N/A,N/A,N/A,N/A,N/A
12/17/19 0:10,F9 v1.2 B5.3,B1056-3,Unknown,Unknown,SLC-40,"11 days, 06 hours, 40 minutes",JCSat-18 / Kacific 1,"6,956 kg (15,335 lb)",Geostationary Transfer Orbit,Sky Perfect JSATKacific 1,Success,OCISLY,Success,28.3228,-73.9297,GO Quest,Hawk,Yes / Yes,1 / 1,GO Ms. Tree / GO Ms. Chief,28.2755,-72.5105
1/7/20 2:19,F9 v1.2 B5.0,B1049-4,Unknown,Unknown,SLC-40,"21 days, 02 hours, 09 minutes",Starlink 2 v1.0 (60 satellites),"15,600 kg (34,400 lb)",Low-Earth Orbit,SpaceX,Success,OCISLY,Success,32.5472,-75.9231,GO Quest,Hawk,Yes / No,1 / 1,GO Navigator / GO Ms. Tree,33.1057,-74.9103
1/19/20 15:30,F9 v1.2 B5.0,B1046-4,Unknown,Unknown,LC-39A,"12 days, 13 hours, 11 minutes",Crew Dragon in-flight abort test (Dragon C205-1),"12,050 kg (26,570 lb)",Sub-orbital,NASA (CTS),Success,None,No Attempt,N/A,N/A,N/A,N/A,N/A,N/A,N/A,N/A,N/A
1/29/20 14:07,F9 v1.2 B5.1,B1051-3,Unknown,Unknown,SLC-40,"9 days, 22 hours, 36 minutes",Starlink 3 v1.0 (60 satellites),"15,600 kg (34,400 lb)",Low-Earth Orbit,SpaceX,Success,OCISLY,Success,32.5472,-75.9231,GO Quest,Hawk,Yes (Catch) / Yes,1 / 1,GO Ms. Tree / GO Ms. Chief,33.1182,-74.8355
2/17/20 15:05,F9 v1.2 B5.3,B1056-4,Unknown,Unknown,SLC-40,"19 days, 00 hours, 58 minutes",Starlink 4 v1.0 (60 satellites),"15,600 kg (34,400 lb)",Low-Earth Orbit,SpaceX,Success,OCISLY,Failure,32.5472,-75.9231,GO Quest,Hawk,No / No,1 / 1,GO Ms. Tree / GO Ms. Chief,32.9148,-75.0544
3/7/20 4:50,F9 v1.2 B5.3,B1059-2,Unknown,Unknown,SLC-40,"18 days, 13 hours, 45 minutes",SpaceX CRS-20 (Dragon C112-3),"1,977 kg (4,359 lb) (excl. Dragon mass)",Low-Earth Orbit,NASA (CRS),Success,LZ-1,Success,N/A,N/A,N/A,N/A,N/A,N/A,N/A,N/A,N/A
3/18/20 12:16,F9 v1.2 B5.0,B1048-5,Unknown,Unknown,LC-39A,"11 days, 07 hours, 25 minutes",Starlink 5 v1.0 (60 satellites),"15,600 kg (34,400 lb)",Low-Earth Orbit,SpaceX,Success,OCISLY,Failure,32.5472,-75.9231,GO Quest,Hawk,Yes / No,2 / 2,GO Ms. Tree / GO Ms. Chief,32.9153,-75.2082
4/22/20 19:30,F9 v1.2 B5.1,B1051-4,Unknown,Unknown,LC-39A,"35 days, 07 hours, 14 minutes",Starlink 6 v1.0 (60 satellites),"15,600 kg (34,400 lb)",Low-Earth Orbit,SpaceX,Success,OCISLY,Success,32.5472,-75.9231,GO Quest,Finn Falgout,Yes / Yes,2 / 2,GO Ms. Tree / GO Ms. Chief,32.8687,-75.0624
5/30/20 19:22,F9 v1.2 B5.3,B1058-1,Unknown,Unknown,LC-39A,"37 days, 23 hours, 51 minutes",Crew Dragon Demo-2 (Crew Dragon C206-1 Endeavour),"12,530 kg (27,620 lb)",Low-Earth Orbit,NASA (CCDev),Success,OCISLY,Success,31.9474,-76.9842,GO Quest,Hawk,N/A,N/A,N/A,N/A,N/A
6/4/20 1:25,F9 v1.2 B5.0,B1049-5,Unknown,Unknown,SLC-40,"4 days, 06 hours, 03 minutes",Starlink 7 v1.0 (60 satellites),"15,600 kg (34,400 lb)",Low-Earth Orbit,SpaceX,Success,JRtI,Success,32.5472,-75.9231,GO Quest,Finn Falgout,No / Yes,1 / 1,GO Ms. Tree / GO Ms. Chief,32.9617,-75.3934
6/13/20 9:21,F9 v1.2 B5.3,B1059-3,Unknown,Unknown,SLC-40,"9 days, 07 hours, 55 minutes","Starlink 8 v1.0 (58 satellites),SkySats-16, -17, -18","15,410 kg (33,970 lb)",Low-Earth Orbit,SpaceXPlanet Labs,Success,OCISLY,Success,32.5472,-75.9231,GO Quest,Finn Falgout,Yes / Yes,2 / 2,GO Ms. Tree / GO Ms. Chief,32.9377,-75.4719
6/30/20 20:10,F9 v1.2 B5.4,B1060-1,Unknown,Unknown,SLC-40,"17 days, 10 hours, 49 minutes",GPS III SV03 (Matthew Henson),"4,311 kg (9,504 lb)",Medium-Earth Orbit,U.S. Space Force,Success,JRtI,Success,32.9353,-76.3331,GO Quest,Lauren Floss,Yes / Yes,1 / 1,GO Ms. Tree / GO Ms. Chief,33.7090,-75.4523
7/20/20 21:30,F9 v1.2 B5.3,B1058-2,Unknown,Unknown,SLC-40,"20 days, 01 hours, 19 minutes",ANASIS-II,"5,000–6,000 kg (11,000–13,000 lb)",Geostationary Transfer Orbit,Republic of Korea Army,Success,JRtI,Success,28.2820,-73.9341,GO Quest,Lauren Floss,Yes (Catch) / Yes (Catch),1 / 1,GO Ms. Chief / GO Ms. Tree,28.2239,-72.5504
8/7/20 5:12,F9 v1.2 B5.1,B1051-5,Unknown,Unknown,LC-39A,"17 days, 07 hours, 41 minutes","Starlink 9 v1.0 (57 Satellites),SXRS-1 (BlackSky Global 7 and 8)","14,932 kg (32,919 lb)",Low-Earth Orbit,SpaceXSpaceflight Industries (BlackSky),Success,OCISLY,Success,32.5803,-75.8806,GO Quest,Finn Falgout,Yes / Yes,1 / 1,GO Ms. Tree / GO Ms. Chief,33.1017,-75.2575
8/19/20 14:31,F9 v1.2 B5.0,B1049-6,Unknown,Unknown,SLC-40,"12 days, 09 hours, 18 minutes","Starlink 10 v1.0 (58 satellites)SkySat-19, -20, -21","~15,440 kg (34,040 lb)",Low-Earth Orbit,SpaceXPlanet Labs,Success,OCISLY,Success,32.5803,-75.8806,GO Quest,Finn Falgout,Yes (Catch) / Yes,2 / 2,GO Ms. Tree / GO Ms. Chief,33.0546,-75.3524
8/30/20 23:18,F9 v1.2 B5.3,B1059-4,Unknown,Unknown,SLC-40,"11 days, 08 hours, 46 minutes",SAOCOM 1B,"3,130 kg (6,900 lb)",Sun-Synchronous Orbit,CONAEPlanetIQTyvak,Success,LZ-1,Success,N/A,N/A,N/A,N/A,Yes / Yes,1 / 1,GO Ms. Chief,23.9197,-79.3656
9/3/20 12:46,F9 v1.2 B5.4,B1060-2,Unknown,Unknown,LC-39A,"3 days, 13 hours, 28 minutes",Starlink 11 v1.0 (60 satellites),"15,600 kg (34,400 lb)",Low-Earth Orbit,SpaceX,Success,OCISLY,Success,32.5803,-75.8806,GO Quest,Finn Falgout,No / No,1 / 1,GO Ms. Tree / GO Ms. Chief,32.9513,-75.4305
10/6/20 11:29,F9 v1.2 B5.3,B1058-3,Unknown,Unknown,LC-39A,"32 days, 22 hours, 43 minutes",Starlink 12 v1.0 (60 satellites),"15,600 kg (34,400 lb)",Low-Earth Orbit,SpaceX,Success,OCISLY,Success,32.5803,-75.8806,GO Quest,Finn Falgout,Yes (Catch) / Yes,3 / 1,GO Ms. Tree / GO Ms. Chief,33.0897,-75.0922
10/18/20 12:25,F9 v1.2 B5.1,B1051-6,Unknown,Unknown,LC-39A,"12 days, 00 hours, 55 minutes",Starlink 13 v1.0 (60 satellites),"15,600 kg (34,400 lb)",Low-Earth Orbit,SpaceX,Success,OCISLY,Success,32.5803,-75.8806,GO Quest,Finn Falgout,Yes (Catch) / Yes (Catch),3 / 3,GO Ms. Tree / GO Ms. Chief,33.0232,-75.2861
10/24/20 15:31,F9 v1.2 B5.4,B1060-3,Unknown,Unknown,SLC-40,"6 days, 03 hours, 05 minutes",Starlink 14 v1.0 (60 satellites),"15,600 kg (34,400 lb)",Low-Earth Orbit,SpaceX,Success,JRtI,Success,32.4120,-76.0751,GO Quest,Lauren Floss,Yes / Yes,1 / 1,GO Ms. Chief,32.8867,-75.4927
11/5/20 23:24,F9 v1.2 B5.4,B1062-1,Unknown,Unknown,SLC-40,"12 days, 07 hours, 53 minutes",GPS III SV04 (Sacagawea),"4,311 kg (9,504 lb)",Medium-Earth Orbit,USSF,Success,OCISLY,Success,32.7500,-76.0750,GO Quest,Finn Falgout,Yes / Yes,1 / 1,GO Ms. Chief,33.6533,-75.2923
11/16/20 0:27,F9 v1.2 B5.4,B1061-1,Unknown,Unknown,LC-39A,"10 days, 01 hours, 03 minutes",Crew-1 (Crew Dragon C207-1 Resilience),"~13,000 kg (29,000 lb)",Low-Earth Orbit,NASA (CCP),Success,JRtI,Success,32.3377,-76.6915,GO Quest,Finn Falgout,N/A,N/A,N/A,N/A,N/A
11/21/20 17:17,F9 v1.2 B5.4,B1063-1,Unknown,Unknown,SLC-4E,"5 days, 16 hours, 49 minutes",Sentinel-6 Michael Freilich (Jason-CS A),"1,192 kg (2,628 lb)",Low-Earth Orbit,NASA / NOAA / ESA / EUMETSAT,Success,LZ-4,Success,N/A,N/A,N/A,N/A,Yes / Yes,1 / 1,NRC Quest,31.1766,-118.4649
11/25/20 2:13,F9 v1.2 B5.0,B1049-7,Unknown,Unknown,SLC-40,"3 days, 08 hours, 56 minutes",Starlink 15 v1.0 (60 satellites),"15,600 kg (34,400 lb)",Low-Earth Orbit,SpaceX,Success,OCISLY,Success,32.5803,-75.8806,GO Quest,Hawk,Yes / Yes,3 / 2,GO Ms. Chief / GO Searcher,32.8131,-75.3236
12/6/20 16:17,F9 v1.2 B5.3,B1058-4,Unknown,Unknown,LC-39A,"11 days, 14 hours, 03 minutes",SpaceX CRS-21 (Dragon C208-1),"2,972 kg (6,552 lb) (excl. Dragon mass)",Low-Earth Orbit,NASA (CRS),Success,OCISLY,Success,32.5928,-76.0392,GO Quest,Hawk,N/A,N/A,N/A,N/A,N/A
12/13/20 17:30,F9 v1.2 B5.1,B1051-7,Unknown,Unknown,SLC-40,"7 days, 01 hours, 12 minutes",SXM-7,"7,000 kg (15,000 lb)",Geostationary Transfer Orbit,Sirius XM,Success,JRtI,Success,28.3500,-74.0050,GO Quest,Finn Falgout,Yes / Yes,1 / 2,GO Ms. Tree / GO Searcher,28.2805,-72.4669
12/19/20 14:00,F9 v1.2 B5.3,B1059-5,Unknown,Unknown,LC-39A,"5 days, 20 hours, 30 minutes",NROL-108,Classified,Low-Earth Orbit,NRO,Success,LZ-1,Success,N/A,N/A,N/A,N/A,Yes / Yes,1 / 1,GO Ms. Tree / GO Searcher,30.6557,-78.2368
1/8/21 2:15,F9 v1.2 B5.4,B1060-4,Unknown,Unknown,SLC-40,"19 days, 12 hours, 14 minutes",Türksat 5A,"3,500 kg (7,700 lb)",Geostationary Transfer Orbit,Türksat,Success,JRtI,Success,28.2919,-73.7064,GO Quest,Finn Falgout,No / Yes,2 / 2,GO Ms. Tree / GO Ms. Chief,28.1033,-71.9681
1/20/21 13:02,F9 v1.2 B5.1,B1051-8,Unknown,Unknown,LC-39A,"12 days, 10 hours, 47 minutes",Starlink 16 v1.0 (60 satellites),"15,600 kg (34,400 lb)",Low-Earth Orbit,SpaceX,Success,JRtI,Success,32.5803,-75.8806,GO Quest,Hawk,No / No,3 / 2,GO Ms. Tree / GO Ms. Chief,32.8067,-75.0928
1/24/21 15:00,F9 v1.2 B5.3,B1058-5,Unknown,Unknown,SLC-40,"4 days, 01 hours, 57 minutes",Transporter-1: (143 smallsat rideshare),"~5,000 kg (11,000 lb)",Sun-Synchronous Orbit,Various,Success,OCISLY,Success,23.5982,-79.1433,GO Searcher,Finn Falgout,Yes / Yes,1 / 1,GO Ms. Tree / GO Ms. Chief,23.2352,-78.9927
2/4/21 6:19,F9 v1.2 B5.4,B1060-5,Unknown,Unknown,SLC-40,"10 days, 15 hours, 18 minutes",Starlink 18 v1.0 (60 satellites),"15,600 kg (34,400 lb)",Low-Earth Orbit,SpaceX,Success,OCISLY,Success,32.5803,-75.8806,GO Quest,Lauren Floss,Yes / Yes,2 / 2,GO Ms. Tree / GO Ms. Chief,32.6623,-75.2623
2/16/21 3:59,F9 v1.2 B5.3,B1059-6,Unknown,Unknown,SLC-40,"11 days, 21 hours, 40 minutes",Starlink 19 v1.0 (60 satellites),"15,600 kg (34,400 lb)",Low-Earth Orbit,SpaceX,Success,OCISLY,Failure,32.5803,-75.8806,GO Quest,Hawk,Yes / No,1 / 1,GO Ms. Chief / GO Ms. Tree,33.0650,-75.3517
3/4/21 8:24,F9 v1.2 B5.0,B1049-8,Unknown,Unknown,LC-39A,"16 days, 04 hours, 24 minutes",Starlink 17 v1.0 (60 satellites),"15,600 kg (34,400 lb)",Low-Earth Orbit,SpaceX,Success,OCISLY,Success,32.3583,-76.0567,GO Quest,Hawk,Yes / Yes,4 / 3,GO Navigator / GO Searcher,32.6804,-75.5142
3/11/21 8:13,F9 v1.2 B5.3,B1058-6,Unknown,Unknown,SLC-40,"6 days, 23 hours, 49 minutes",Starlink 20 v1.0 (60 satellites),"15,600 kg (34,400 lb)",Low-Earth Orbit,SpaceX,Success,JRtI,Success,32.4409,-76.0132,GO Quest,Finn Falgout,Yes / Yes,2 / 3,GO Navigator  / GO Searcher ,32.7836,-75.5665
3/14/21 10:01,F9 v1.2 B5.1,B1051-9,Unknown,Unknown,LC-39A,"3 days, 01 hours, 47 minutes",Starlink 21 v1.0 (60 satellites),"15,600 kg (34,400 lb)",Low-Earth Orbit,SpaceX,Success,OCISLY,Success,32.4890,-76.0483,GO Quest,Hawk,Yes / Yes,2 / 2,GO Navigator  / GO Searcher,32.6549,-75.2794
3/24/21 8:28,F9 v1.2 B5.4,B1060-6,Unknown,Unknown,SLC-40,"9 days, 22 hours, 27 minutes",Starlink 22 v1.0 (60 satellites),"15,600 kg (34,400 lb)",Low-Earth Orbit,SpaceX,Success,OCISLY,Success,32.4588,-76.0532,GO Quest,Finn Falgout,Yes / Yes,2 / 2,Shelia Bordelon,32.9883,-75.4900
4/7/21 16:34,F9 v1.2 B5.3,B1058-7,Unknown,Unknown,SLC-40,"14 days, 08 hours, 06 minutes",Starlink 23 v1.0 (60 satellites),"15,600 kg (34,400 lb)",Low-Earth Orbit,SpaceX,Success,OCISLY,Success,32.5656,-75.9078,GO Quest,Finn Falgout,Yes / No,4 / 2,Shelia Bordelon,32.6767,-75.4683
4/23/21 9:49,F9 v1.2 B5.4,B1061-2,Unknown,Unknown,LC-39A,"15 days, 17 hours, 15 minutes",Crew-2 (Crew Dragon C206-2 Endeavour),"~12,500 kg (27,600 lb)",Low-Earth Orbit,NASA (CTS),Success,OCISLY,Success,32.1581,-76.7414,GO Quest,Finn Falgout,N/A,N/A,N/A,N/A,N/A
4/29/21 3:44,F9 v1.2 B5.4,B1060-7,Unknown,Unknown,SLC-40,"5 days, 17 hours, 54 minutes",Starlink 24 v1.0 (60 satellites),"15,600 kg (34,400 lb)",Low-Earth Orbit,SpaceX,Success,JRtI,Success,32.5373,-75.9415,GO Quest,Finn Falgout,Yes / Yes,1 / 1,Shelia Bordelon,32.8550,-75.4900
5/4/21 19:01,F9 v1.2 B5.0,B1049-9,Unknown,Unknown,LC-39A,"5 days, 15 hours, 17 minutes",Starlink 25 v1.0 (60 satellites),"15,600 kg (34,400 lb)",Low-Earth Orbit,SpaceX,Success,OCISLY,Success,32.5767,-75.8817,GO Quest,Mr. Jonah,No / Yes,3 / 1,Shelia Bordelon,32.8033,-75.4317
5/9/21 6:42,F9 v1.2 B5.1 ,B1051-10,Unknown,Unknown,SLC-40,"4 days, 11 hours, 41 minutes",Starlink 27 v1.0 (60 satellites),"15,600 kg (34,400 lb)",Low-Earth Orbit,SpaceX,Success,JRtI,Success,32.5282,-76.0067,GO Quest,Finn Falgout,Yes / Yes,2 / 2,Shelia Bordelon,32.6933,-75.5150
5/15/21 22:56,F9 v1.2 B5.3,B1058-8,Unknown,Unknown,LC-39A,"6 days, 16 hours, 14 minutes",Starlink 26 v1.0 (52 Satellites) Capella-6 &Tyvak-0130,"~14,000 kg (31,000 lb)",Low-Earth Orbit,SpaceX Capella Space and Tyvak,Success,OCISLY,Success,32.4133,-76.0722,GO Quest,Mr. Jonah,Yes / No,2 / 2,Shelia Bordelon,32.7783,-75.3917
5/26/21 18:59,F9 v1.2 B5.4,B1063-2,Unknown,Unknown,SLC-40,"10 days, 20 hours, 03 minutes",Starlink 28 v1.0 (60 Satellites),"15,600 kg (34,400 lb)",Low-Earth Orbit,SpaceX,Success,JRtI,Success,32.5203,-75.9596,GO Quest,Finn Falgout,Yes / Yes,5 / 3,GO Navigator / GO Searcher,32.7643,-75.6101
6/3/21 17:29,F9 v1.2 B5.4,B1067-1,Unknown,Unknown,LC-39A,"7 days, 22 hours, 30 minutes",SpaceX CRS-22 (Dragon C209-1),"3,328 kg (7,337 lb) (excl. Dragon mass)",Low-Earth Orbit,NASA (CRS),Success,OCISLY,Success,30.5356,-78.3928,GO Quest,Mr. Jonah,N/A,N/A,N/A,N/A,N/A
6/6/21 4:26,F9 v1.2 B5.4,B1061-3,Unknown,Unknown,SLC-40,"2 days, 10 hours, 56 minutes",SXM-8,"7,000 kg (15,000 lb)",Geostationary Transfer Orbit,Sirius XM,Success,JRtI,Success,28.3985,-73.8842,GO Quest,Finn Falgout,Yes / Yes,1 / 1,GO Navigator / GO Searcher,28.3309,-72.7926
6/17/21 16:09,F9 v1.2 B5.4,B1062-2,Unknown,Unknown,SLC-40,"11 days, 11 hours, 43 minutes",GPS III SV05 (Neil Armstrong),"4,331 kg (9,548 lb)",Medium-Earth Orbit,USSF,Success,JRtI,Success,32.6950,-76.1483,GO Quest,Finn Falgout,Yes / Yes,1 / 1,Hos Briarwood,33.6533,-74.9150
6/30/21 19:31,F9 v1.2 B5.4,B1060-8,Unknown,Unknown,SLC-40,"13 days, 03 hours, 21 minutes",Transporter-2: (88 payloads Smallsat Rideshare),Unknown,Sun-Synchronous Orbit,Various,Success,LZ-1,Success,N/A,N/A,N/A,N/A,Yes / Yes,3 / 3,Hos Briarwood,23.3800,-79.2600
8/29/21 7:14,F9 v1.2 B5.4,B1061-4,Unknown,Unknown,LC-39A,"59 days, 11 hours, 42 minutes",SpaceX CRS-23 (Dragon C208-2),"~2,200 kg (4,900 lb) (excl. Dragon mass)",Low-Earth Orbit,NASA (CRS),Success,ASoG,Success,30.5464,-78.4486,GO Quest,Finn Falgout,N/A,N/A,N/A,N/A,N/A
9/14/21 3:55,F9 v1.2 B5.0 ,B1049-10,Unknown,Unknown,SLC-4E,"15 days, 20 hours, 41 minutes","Starlink Group 2-1 (v1.5 L1, 51 satellites)","~13,260 kg (29,230 lb)",Low-Earth Orbit,SpaceX,Success,OCISLY,Success,29.3725,-117.8551,Adele Elise,Scorpius,Yes / Yes,2 / 3,NRC Quest,29.0383,-117.7153
9/16/21 0:02,F9 v1.2 B5.4,B1062-3,Unknown,Unknown,LC-39A,"1 days, 20 hours, 06 minutes",Inspiration4 (Crew Dragon C207-2 Resilience),"~12,519 kg (27,600 lb)",Low-Earth Orbit,Jared Isaacman,Success,JRtI,Success,32.2143,-76.6468,GO Quest,Finn Falgout,N/A,N/A,N/A,N/A,N/A
11/11/21 2:03,F9 v1.2 B5.4,B1067-2,Unknown,Unknown,LC-39A,"56 days, 02 hours, 01 minutes",Crew-3 (Crew Dragon C210-1 Endurance),"~13,000 kg (29,000 lb)",Low-Earth Orbit,NASA (CTS),Success,ASoG,Success,32.2176,-76.6772,Doug,Doug,N/A,N/A,N/A,N/A,N/A
11/13/21 12:19,F9 v1.2 B5.3,B1058-9,Unknown,Unknown,SLC-40,"2 days, 10 hours, 15 minutes",Starlink Group 4-1 (53 satellites),"~15,635 kg (34,469 lb)",Low-Earth Orbit,SpaceX,Success,JRtI,Success,32.5891,-75.8816,Bob,Finn Falgout,Yes / Yes,3 / 2,Bob,32.7395,-75.5675
11/24/21 6:21,F9 v1.2 B5.4,B1063-3,Unknown,Unknown,SLC-4E,"10 days, 18 hours, 01 minutes",Double Asteroid Redirection Test (DART),"624 kg (1,376 lb)",Heliocentric,NASA (LSP),Success,OCISLY,Success,28.9572,-119.4121,GO Quest,Scorpius,Yes / Yes,1 / 1,NRC Quest,28.1139,-119.0738
12/2/21 23:12,F9 v1.2 B5.4,B1060-9,Unknown,Unknown,SLC-40,"8 days, 16 hours, 51 minutes",Starlink Group 4-3 (48 satellites)SXRS-2: BlackSky Global (2 sats),"~14,500 kg (32,000 lb)",Low-Earth Orbit,"SpaceXSpaceflight, Inc. (BlackSky Global)",Success,ASoG,Success,32.5134,-75.9688,Bob,Finn Falgout,Yes / Yes,1 / 1,Bob,32.9000,-75.1539
12/9/21 6:00,F9 v1.2 B5.4,B1061-5,Unknown,Unknown,LC-39A,"6 days, 06 hours, 47 minutes",Imaging X-ray Polarimetry Explorer (IXPE),325 kg (717 lb),Low-Earth Orbit,NASA (LSP),Success,JRtI,Success,28.2188,-73.9759,Doug,Doug,Yes / Yes,1 / 1,Bob,28.0884,-71.8599
12/18/21 12:41,F9 v1.2 B5.1 ,B1051-11,Unknown,Unknown,SLC-4E,"9 days, 06 hours, 40 minutes",Starlink Group 4-4(52 satellites),"15,600 kg (34,400 lb)",Low-Earth Orbit,SpaceX,Success,OCISLY,Success,29.9036,-116.7626,GO Quest,Scorpius,Yes / Yes,3 / 4,NRC Quest,29.7984,-116.8156
12/19/21 3:58,F9 v1.2 B5.4,B1067-3,Unknown,Unknown,SLC-40,"0 days, 15 hours, 17 minutes",Türksat 5B,"4,500 kg (9,900 lb)",Geostationary Transfer Orbit,Türksat,Success,ASoG,Success,28.2533,-73.8800,Bob,Finn Falgout,Yes / Yes,2 / 2,Bob,28.1826,-72.5141
12/21/21 10:06,F9 v1.2 B5.4,B1069-1,Unknown,Unknown,LC-39A,"2 days, 06 hours, 07 minutes",SpaceX CRS-24 (Dragon C209-2),"2,989 kg (6,590 lb) (excl. Dragon mass)",Low-Earth Orbit,NASA (CRS),Success,JRtI,Success,32.5782,-76.1416,Doug,Doug,N/A,N/A,N/A,N/A,N/A
1/6/22 21:49,F9 v1.2 B5.4,B1062-4,Unknown,Unknown,LC-39A,"16 days, 11 hours, 43 minutes",Starlink Group 4-5(49 satellites),"~14,500 kg (32,000 lb)",Low-Earth Orbit,SpaceX,Success,ASoG,Success,25.6617,-75.0750,Doug,Zion M Falgout,Yes / Yes,5 / 4,Doug,25.7448,-74.9456
1/13/22 15:25,F9 v1.2 B5.3 ,B1058-10,Unknown,Unknown,SLC-40,"6 days, 17 hours, 35 minutes",Transporter-3: (105 payloads Smallsat Rideshare),Unknown,Sun-Synchronous Orbit,Various,Success,LZ-1,Success,N/A,N/A,N/A,N/A,Yes / Yes,1 / 1,Bob,23.2205,-79.1353
1/19/22 2:02,F9 v1.2 B5.4 ,B1060-10,Unknown,Unknown,LC-39A,"5 days, 10 hours, 37 minutes",Starlink Group 4-6(49 satellites),"~14,500 kg (32,000 lb)",Low-Earth Orbit,SpaceX,Success,ASoG,Success,25.6526,-75.0576,Doug,Zion M Falgout,Yes / Yes,2 / 2,Doug,25.7262,-74.9330
1/31/22 23:11,F9 v1.2 B5.1,B1052-3,Unknown,Unknown,SLC-40,"12 days, 21 hours, 08 minutes",CSG-2,"2,205 kg (4,861 lb)",Sun-Synchronous Orbit,ASI,Success,LZ-1,Success,N/A,N/A,N/A,N/A,Yes / Yes,4 / 4,Bob,23.1630,-79.2897
2/2/22 20:27,F9 v1.2 B5.4,B1071-1,Unknown,Unknown,SLC-4E,"1 days, 21 hours, 15 minutes",NROL-87,Classified,Sun-Synchronous Orbit,NRO,Success,LZ-4,Success,N/A,N/A,N/A,N/A,Yes / Yes,1 / 1,NRC Quest,31.2444,-121.6432
2/3/22 18:13,F9 v1.2 B5.4,B1061-6,Unknown,Unknown,LC-39A,"0 days, 21 hours, 46 minutes",Starlink Group 4-7(49 satellites),"~14,500 kg (32,000 lb)",Low-Earth Orbit,SpaceX,Success,ASoG,Success,25.6304,-75.1038,Doug,Zion M Falgout,Yes / Yes,6 / 4,Doug,25.6470,-75.0376
2/21/22 14:44,F9 v1.2 B5.3 ,B1058-11,Unknown,Unknown,SLC-40,"17 days, 20 hours, 30 minutes",Starlink Group 4-8 (46 satellites),"~13,600 kg (30,000 lb)",Low-Earth Orbit,SpaceX,Success,ASoG,Success,25.6381,-75.0021,Doug,Zion M Falgout,Yes / Yes,3 / 3,Doug,25.5609,-74.9925
2/25/22 17:12,F9 v1.2 B5.4,B1063-4,Unknown,Unknown,SLC-4E,"4 days, 02 hours, 28 minutes",Starlink Group 4-11 (50 satellites),"~14,750 kg (32,520 lb)",Low-Earth Orbit,SpaceX,Success,OCISLY,Success,32.6948,-162.1404,GO Quest,Scorpius,Unknown / Unknown,3 / 3,NRC Quest,29.8483,-116.5799
3/3/22 14:25,F9 v1.2 B5.4 ,B1060-11,Unknown,Unknown,LC-39A,"5 days, 21 hours, 13 minutes",Starlink Group 4-9 (47 satellites),"~13,900 kg (30,600 lb)",Low-Earth Orbit,SpaceX,Success,JRtI,Success,25.6277,-75.0091,Bob,Bob/Zion M Falgout,Yes / Yes,3 / 4,Bob,25.5917,-75.1550
3/9/22 13:45,F9 v1.2 B5.1,B1052-4,Unknown,Unknown,SLC-40,"5 days, 23 hours, 19 minutes",Starlink Group 4-10(48 satellites),"~14,160 kg (31,220 lb)",Low-Earth Orbit,SpaceX,Success,ASoG,Success,25.7210,-75.0450,Doug,Zion M Falgout,Yes / Yes,1 / 1,Doug,25.8469,-75.1245
3/19/22 4:42,F9 v1.2 B5.1 ,B1051-12,Unknown,Unknown,SLC-40,"9 days, 14 hours, 57 minutes",Starlink Group 4-12 (53 satellites),"~16,250 kg (35,830 lb)",Low-Earth Orbit,SpaceX,Success,JRtI,Success,32.5600,-75.9367,Bob,Zion M Falgout,Yes / Yes,4 / 2,Doug,32.6183,-75.7217
4/1/22 16:24,F9 v1.2 B5.4,B1061-7,Unknown,Unknown,SLC-40,"13 days, 11 hours, 42 minutes",Transporter-4: (40 payloads Smallsat Rideshare),Unknown,Sun-Synchronous Orbit,Various,Success,JRtI,Success,24.0267,-79.2350,Bob,Finn Falgout,Yes / Yes,1 / 1,Bob,23.4233,-79.1983
4/8/22 15:17,F9 v1.2 B5.4,B1062-5,Unknown,Unknown,LC-39A,"6 days, 22 hours, 53 minutes",Axiom-1 (Crew Dragon C206-3 Endeavour),"~13,000 kg (29,000 lb)",Low-Earth Orbit,Axiom Space,Success,ASoG,Success,32.1217,-76.7500,Doug,Doug,N/A,N/A,N/A,N/A,N/A
4/17/22 13:13,F9 v1.2 B5.4,B1071-2,Unknown,Unknown,SLC-4E,"8 days, 21 hours, 55 minutes",NROL-85 (Intruder 13A (NOSS-3 9A) and Intruder 13B (NOSS-3 9B)),Classified,Low-Earth Orbit,NRO,Success,LZ-4,Success,N/A,N/A,N/A,N/A,Unknown / Unknown,1 / 1,NRC Quest,30.5154,-117.8615
4/21/22 17:51,F9 v1.2 B5.4 ,B1060-12,Unknown,Unknown,SLC-40,"4 days, 04 hours, 38 minutes",Starlink Group 4-14 (53 satellites),"~16,250 kg (35,830 lb)",Low-Earth Orbit,SpaceX,Success,JRtI,Success,32.5541,-75.9219,Bob,Finn Falgout,Yes / Yes,2 / 2,Bob,32.6200,-75.8567
4/27/22 7:52,F9 v1.2 B5.4,B1067-4,Unknown,Unknown,LC-39A,"5 days, 14 hours, 00 minutes",Crew-4,"~13,000 kg (29,000 lb)",Low-Earth Orbit,NASA (CTS),Success,ASoG,Success,32.1933,-76.7000,Doug,Doug,N/A,N/A,N/A,N/A,N/A
4/29/22 21:27,F9 v1.2 B5.4,B1062-6,Unknown,Unknown,SLC-40,"2 days, 13 hours, 35 minutes",Starlink Group 4-16 (53 satellites),"~16,250 kg (35,830 lb)",Low-Earth Orbit,SpaceX,Success,JRtI,Success,32.4800,-75.9633,Bob,Bob,Yes / Yes,2 / 2,Bob,32.4300,-75.7700
5/6/22 9:46,F9 v1.2 B5.3 ,B1058-12,Unknown,Unknown,LC-39A,"6 days, 12 hours, 18 minutes",Starlink Group 4-17 (53 satellites),"~16,250 kg (35,830 lb)",Low-Earth Orbit,SpaceX,Success,ASoG,Success,32.5862,-75.8798,Doug,Doug,Yes / Yes,6 / 3,Doug,32.6551,-75.8073
5/13/22 22:07,F9 v1.2 B5.4,B1063-5,Unknown,Unknown,SLC-4E,"7 days, 12 hours, 20 minutes",Starlink Group 4-13 (53 satellites),"~16,250 kg (35,830 lb)",Low-Earth Orbit,SpaceX,Success,OCISLY,Success,29.8667,-116.7287,GO Quest,Debra C,Unknown / Unknown,4 / 5,NRC Quest,29.9526,-116.7061
5/14/22 20:40,F9 v1.2 B5.4,B1073-1,Unknown,Unknown,SLC-40,"0 days, 22 hours, 32 minutes",Starlink Group 4-15 (53 satellites),"~16,250 kg (35,830 lb)",Low-Earth Orbit,SpaceX,Success,JRtI,Success,32.4410,-76.0762,Bob,Finn Falgout,Yes / Yes,2 / 2,Bob,32.4917,-76.0117
5/18/22 10:59,F9 v1.2 B5.1,B1052-5,Unknown,Unknown,LC-39A,"3 days, 14 hours, 19 minutes",Starlink Group 4-18 (53 satellites),"~16,250 kg (35,830 lb)",Low-Earth Orbit,SpaceX,Success,ASoG,Success,32.5367,-75.9454,Doug,Doug,Yes / Yes,3 / 3,Doug,32.4750,-75.9100
5/25/22 18:35,F9 v1.2 B5.4,B1061-8,Unknown,Unknown,SLC-40,"7 days, 07 hours, 35 minutes",Transporter-5: (59 payloads Smallsat Rideshare),Unknown,Sun-Synchronous Orbit,Various,Success,LZ-1,Success,N/A,N/A,N/A,N/A,Yes / Yes,2 / 2,Bob,23.2900,-79.2900
6/8/22 21:03,F9 v1.2 B5.4,B1062-7,Unknown,Unknown,SLC-40,"14 days, 02 hours, 28 minutes",Nilesat-301,"~4,100 kg (9,000 lb)",Geostationary Transfer Orbit,Nilesat,Success,JRtI,Success,27.7869,-73.8051,Bob,Finn Falgout,Yes / Yes,1 / 1,Bob,27.6483,-72.6317
6/17/22 16:09,F9 v1.2 B5.4 ,B1060-13,Unknown,Unknown,LC-39A,"8 days, 19 hours, 06 minutes",Starlink Group 4-19 (53 satellites),"~16,250 kg (35,830 lb)",Low-Earth Orbit,SpaceX,Success,ASoG,Success,32.7008,-75.7345,Doug,Doug,Yes / Yes,3 / 3,Bob / Doug,32.5443,-75.7992
6/18/22 14:19,F9 v1.2 B5.4,B1071-3,Unknown,Unknown,SLC-4E,"0 days, 22 hours, 09 minutes",SARah 1,"~4,000 kg (8,800 lb)",Sun-Synchronous Orbit,German Intelligence Service,Success,LZ-4,Success,N/A,N/A,N/A,N/A,Yes / Yes,1 / 1,NRC Quest,30.9401,-121.4278
6/19/22 4:27,F9 v1.2 B5.4,B1061-9,Unknown,Unknown,SLC-40,"0 days, 14 hours, 07 minutes",Globalstar-2 M087 (FM15),"~700 kg (1,500 lb)(excluding secret payloads)",Low-Earth Orbit,GlobalstarUnknown US Government Agency,Success,JRtI,Success,32.8383,-75.9917,Bob,Finn Falgout,Yes / Yes,4 / 4,Bob,32.9800,-75.5767
6/29/22 21:04,F9 v1.2 B5.4,B1073-2,Unknown,Unknown,SLC-40,"10 days, 16 hours, 37 minutes",SES-22,"~3,500 kg (7,700 lb)",Geostationary Transfer Orbit,SES,Success,ASoG,Success,27.9048,-74.1788,Doug,Doug,Yes / Yes,2 / 2,Doug,27.7867,-72.8517
7/7/22 13:11,F9 v1.2 B5.3 ,B1058-13,Unknown,Unknown,SLC-40,"7 days, 16 hours, 06 minutes",Starlink Group 4-21 (53 satellites),"~16,250 kg (35,830 lb)",Low-Earth Orbit,SpaceX,Success,JRtI,Success,32.6703,-75.7781,Bob,Kurt J Crosby,Yes / No,3 / 3,Bob,32.7935,-75.7535
7/11/22 1:39,F9 v1.2 B5.4,B1063-6,Unknown,Unknown,SLC-4E,"3 days, 12 hours, 27 minutes",Starlink Group 3-1 (46 satellites),"~14,100 kg (31,100 lb)",Sun-Synchronous Orbit,SpaceX,Success,OCISLY,Success,28.9481,-121.8378,GO Quest,Scorpius,Yes / Yes,2 / 2,NRC Quest,28.9371,-121.7677
7/15/22 0:44,F9 v1.2 B5.4,B1067-5,Unknown,Unknown,LC-39A,"3 days, 23 hours, 04 minutes",SpaceX CRS-25 (Dragon C208-3),"2,668 kg (5,881 lb)(excl. Dragon mass)",Low-Earth Orbit,NASA (CRS),Success,ASoG,Success,30.5464,-78.4486,Doug,Doug,N/A,N/A,N/A,N/A,N/A
7/17/22 14:20,F9 v1.2 B5.1 ,B1051-13,Unknown,Unknown,SLC-40,"2 days, 13 hours, 35 minutes",Starlink Group 4-22 (53 satellites),"~16,250 kg (35,830 lb)",Low-Earth Orbit,SpaceX,Success,JRtI,Success,32.6921,-75.7478,Bob,Kurt J Crosby,Yes / Yes,3 / 3,Bob,32.7100,-75.7650
7/22/22 17:39,F9 v1.2 B5.4,B1071-4,Unknown,Unknown,SLC-4E,"5 days, 03 hours, 19 minutes",Starlink Group 3-2 (46 satellites),"~14,100 kg (31,100 lb)",Sun-Synchronous Orbit,SpaceX,Success,OCISLY,Success,29.0691,-121.8182,GO Quest,Scorpius,Unknown / Unknown,3 / 5,NRC Quest,29.1579,-121.8218
7/24/22 13:38,F9 v1.2 B5.4,B1062-8,Unknown,Unknown,LC-39A,"1 days, 19 hours, 59 minutes",Starlink Group 4-25 (53 satellites),"~16,250 kg (35,830 lb)",Low-Earth Orbit,SpaceX,Success,ASoG,Success,32.7364,-75.6867,Doug,Doug,No / No,Unknown / Unknown,N/A,N/A,N/A
8/4/22 23:08,F9 v1.2 B5.1,B1052-6,Unknown,Unknown,SLC-40,"11 days, 09 hours, 29 minutes",Danuri (Korea Pathfinder Lunar Orbiter),"~679 kg (1,497 lb)",Ballistic lunar transfer,KARI,Success,JRtI,Success,29.2126,-74.0594,Bob,Kurt J Crosby,Yes / Yes,4 / 4,Bob,29.3167,-73.2633
8/10/22 2:14,F9 v1.2 B5.4,B1073-3,Unknown,Unknown,LC-39A,"5 days, 03 hours, 05 minutes",Starlink Group 4-26 (52 satellites),"~16,000 kg (35,000 lb)",Low-Earth Orbit,SpaceX,Success,ASoG,Success,32.6124,-75.8466,Doug,Kurt J Crosby / Crosby Skipper,Yes / Yes,3 / 3,Doug,32.5833,-75.8950
8/12/22 21:40,F9 v1.2 B5.4 ,B1061-10,Unknown,Unknown,SLC-4E,"2 days, 19 hours, 26 minutes",Starlink Group 3-3 (46 satellites),"~14,100 kg (31,100 lb)",Sun-Synchronous Orbit,SpaceX,Success,OCISLY,Success,28.9849,-121.8298,GO Quest,Scorpius,Unknown / Unknown,4 / 4,NRC Quest,28.9547,-121.8598
8/19/22 19:21,F9 v1.2 B5.4,B1062-9,Unknown,Unknown,SLC-40,"6 days, 21 hours, 40 minutes",Starlink Group 4-27 (53 satellites),"~16,250 kg (35,830 lb)",Low-Earth Orbit,SpaceX,Success,ASoG,Success,32.7862,-75.6286,Doug,Crosby Skipper,Yes / Yes,5 / 6,Doug,32.8150,-75.6000
8/28/22 3:41,F9 v1.2 B5.4,B1069-2,Unknown,Unknown,SLC-40,"8 days, 08 hours, 19 minutes",Starlink Group 4-23,"~16,700 kg (36,800 lb)",Low-Earth Orbit,SpaceX,Success,ASoG,Success,32.7178,-75.7161,Doug,Kurt J Crosby,Yes / Yes,3 / 3,Doug,32.8567,-75.7597
8/31/22 5:40,F9 v1.2 B5.4,B1063-7,Unknown,Unknown,SLC-4E,"3 days, 01 hours, 59 minutes",Starlink Group 3-4 (46 satellites),"~14,200 kg (31,300 lb)",Sun-Synchronous Orbit,SpaceX,Success,OCISLY,Success,28.9831,-121.8626,GO Quest,Scorpius,Yes / Yes,3 / 3,NRC Quest,29.0609,-121.9397
9/5/22 2:09,F9 v1.2 B5.1,B1052-7,Unknown,Unknown,SLC-40,"4 days, 20 hours, 29 minutes",Starlink Group 4-20 (51 satellites) Sherpa-LTC2,"~16,000 kg (35,000 lb)",Low-Earth Orbit,SpaceXSpaceflight Industries,Success,JRtI,Success,32.4967,-75.9442,Doug,Doug,Yes / Yes,5 / 4,Doug,33.0083,-75.3950
9/11/22 1:20,F9 v1.2 B5.3 ,B1058-14,Unknown,Unknown,LC-39A,"5 days, 23 hours, 10 minutes",Starlink Group 4-2 (34 satellites)BlueWalker-3,"~11,938 kg (26,319 lb)",Low-Earth Orbit,SpaceXAST SpaceMobile,Success,ASoG,Success,32.6608,-75.7841,Bob,Bob,Yes / Yes,4 / 5,Bob,32.6667,-75.6800
9/19/22 0:18,F9 v1.2 B5.4,B1067-6,Unknown,Unknown,SLC-40,"7 days, 22 hours, 57 minutes",Starlink Group 4-34 (54 satellites),"~16,700 kg (36,800 lb)",Low-Earth Orbit,SpaceX,Success,JRtI,Success,32.7725,-75.6400,Doug,Kurt J Crosby,Yes / Yes,4 / 3,Doug,32.6883,-75.8050
9/24/22 23:32,F9 v1.2 B5.4,B1073-4,Unknown,Unknown,SLC-40,"5 days, 23 hours, 14 minutes",Starlink Group 4-35 (52 satellites),"~16,100 kg (35,500 lb)",Low-Earth Orbit,SpaceX,Success,ASoG,Success,32.4752,-75.8547,Bob,Bob,Yes / Yes,4 / 5,Bob,32.5844,-75.8125
10/5/22 16:00,F9 v1.2 B5.4,B1077-1,Unknown,Unknown,LC-39A,"10 days, 16 hours, 27 minutes",Crew-5 (Crew Dragon C210-2 Endurance),"~13,000 kg (29,000 lb)",Low-Earth Orbit,NASA (CTS),Success,JRtI,Success,32.1975,-76.7175,Doug,Doug,N/A,N/A,N/A,N/A,N/A
10/5/22 23:10,F9 v1.2 B5.4,B1071-5,Unknown,Unknown,SLC-4E,"0 days, 07 hours, 10 minutes",Starlink Group 4-29 (52 satellites),"~16,100 kg (35,500 lb)",Low-Earth Orbit,SpaceX,Success,OCISLY,Success,29.9376,-116.7940,GO Quest,Scorpius,Unknown / Unknown,4 / 4,NRC Quest,29.9837,-116.8908
10/8/22 23:05,F9 v1.2 B5.4 ,B1060-14,Unknown,Unknown,SLC-40,"2 days, 23 hours, 54 minutes",Galaxy 33 and Galaxy 34 (2 satellites),"7,350 kg (16,200 lb)",Geostationary Transfer Orbit,Intelsat,Success,ASoG,Success,28.2479,-73.7535,Bob,Kurt J Crosby,Yes / Yes,5 / 5,Bob,28.1847,-72.5487
10/15/22 5:22,F9 v1.2 B5.4,B1069-3,Unknown,Unknown,SLC-40,"6 days, 06 hours, 17 minutes",Hotbird 13F,"~4,501 kg (9,923 lb)",Geostationary Transfer Orbit,Eutelsat,Success,JRtI,Success,28.4473,-73.8580,Doug,Doug,Yes / Yes,4 / 4,Doug,28.3950,-72.5250
10/20/22 14:50,F9 v1.2 B5.4 ,B1062-10,Unknown,Unknown,SLC-40,"5 days, 09 hours, 27 minutes",Starlink Group 4-36 (54 satellites),"~16,700 kg (36,800 lb)",Low-Earth Orbit,SpaceX,Success,ASoG,Success,32.7455,-75.6819,Bob,Bob,Yes / No,4 / 4,Bob,32.7427,-75.6856
10/28/22 1:14,F9 v1.2 B5.4,B1063-8,Unknown,Unknown,SLC-4E,"7 days, 10 hours, 24 minutes",Starlink Group 4-31 (53 satellites),"~16,400 kg (36,200 lb)",Low-Earth Orbit,SpaceX,Success,OCISLY,Success,29.6883,-116.6809,GO Quest,Scorpius,Unknown / Unknown,5 / 5,NRC Quest,29.7735,-116.6322
11/1/22 13:41,"FH v1.2 B5.4, F9 v1.2 B5.4, F9 v1.2 B5.4","B1066-1, B1064-1, B1065-1",Unknown,Unknown,LC-39A,"4 days, 12 hours, 27 minutes",USSF-44,"~3,750 kg (8,270 lb)",Geostationary Earth Orbit,"USSF, Millennium Space Systems, Lockheed martin",Success,None / LZ-1 / LZ-2,No Attempt / Success / Success,N/A,N/A,N/A,N/A,Yes / Yes,1 / 1,Doug,25.8483,-65.8000
11/3/22 5:22,F9 v1.2 B5.4,B1067-7,Unknown,Unknown,SLC-40,"1 days, 15 hours, 40 minutes",Hotbird 13G,"~4,500 kg (9,900 lb)",Geostationary Transfer Orbit,Eutelsat,Success,JRtI,Success,28.4451,-73.7968,Bob,Crosby Skipper,Yes / Yes,6 / 4,Bob,28.3800,-72.4383
11/12/22 16:06,F9 v1.2 B5.1 ,B1051-14,Unknown,Unknown,SLC-40,"9 days, 10 hours, 43 minutes",Galaxy 31 and Galaxy 32 (2 satellites),"~6,600 kg (14,600 lb)",Geostationary Transfer Orbit,Intelsat,Success,None,No Attempt,N/A,N/A,N/A,N/A,Yes / Yes,5 / 5,Bob,27.9417,-70.8167
11/23/22 2:57,F9 v1.2 B5.0 ,B1049-11,Unknown,Unknown,SLC-40,"10 days, 10 hours, 51 minutes",Eutelsat 10B,"5,500 kg (12,100 lb)",Geostationary Transfer Orbit,Eutelsat,Success,None,No Attempt,N/A,N/A,N/A,N/A,Yes / Yes,5 / 6,Doug,27.7821,-70.4676
11/26/22 19:20,F9 v1.2 B5.4,B1076-1,Unknown,Unknown,LC-39A,"3 days, 16 hours, 22 minutes",SpaceX CRS-26 (Dragon C211-1),"3,528 kg (7,778 lb)",Low-Earth Orbit,NASA (CRS),Success,JRtI,Success,30.5464,-78.4486,Bob,Crosby Skipper,N/A,N/A,N/A,N/A,N/A
12/8/22 22:27,F9 v1.2 B5.4,B1069-4,Unknown,Unknown,LC-39A,"12 days, 03 hours, 07 minutes",OneWeb Flight #15 / SpaceX Flight 1 (40 satellites),"6,000 kg (13,000 lb)",Polar Low-Earth Orbit,OneWeb,Success,LZ-1,Success,N/A,N/A,N/A,N/A,Yes / Yes,5 / 6,Doug,23.2483,-79.3233
12/11/22 7:38,F9 v1.2 B5.4,B1073-5,Unknown,Unknown,SLC-40,"2 days, 09 hours, 11 minutes",Hakuto-R Mission 1,"~1,000 kg (2,200 lb)",Ballistic lunar transfer,ispace MBRSC  JAXA NASA,Success,LZ-2,Success,N/A,N/A,N/A,N/A,Yes / Yes,4 / 5,Bob,28.7250,-75.1800
12/16/22 11:46,F9 v1.2 B5.4,B1071-6,Unknown,Unknown,SLC-4E,"5 days, 04 hours, 07 minutes",Surface Water and Ocean Topography (SWOT),"~2,200 kg (4,900 lb)",Low-Earth Orbit,NASA/CNES,Success,LZ-4,Success,N/A,N/A,N/A,N/A,Unknown / Unknown,1 / 1,NRC Quest,30.5903,-123.2746
12/16/22 22:48,F9 v1.2 B5.4,B1067-8,Unknown,Unknown,SLC-40,"0 days, 11 hours, 01 minutes",O3b mPOWER 1 & 2,"~4,100 kg (9,000 lb)",Medium-Earth Orbit,SES,Success,ASoG,Success,28.2948,-73.6090,Bob,Crosby Skipper,Yes / No,4 / 5,Bob,28.2450,-72.2917
12/17/22 21:32,F9 v1.2 B5.3 ,B1058-15,Unknown,Unknown,LC-39A,"0 days, 22 hours, 44 minutes",Starlink Group 4-37 (54 satellites),"~16,700 kg (36,800 lb)",Low-Earth Orbit,SpaceX,Success,JRtI,Success,32.7518,-75.6664,Doug,Doug,Yes / Yes,Unknown / Unknown,Doug,32.7417,-75.4300
12/28/22 9:34,F9 v1.2 B5.4 ,B1062-11,Unknown,Unknown,SLC-40,"10 days, 12 hours, 01 minutes",Starlink Group 5-1 (54 satellites),"~16,700 kg (36,800 lb)",Low-Earth Orbit,SpaceX,Success,ASoG,Success,25.6810,-74.9355,Doug,Crosby Skipper,Yes / Yes,Unknown / Unknown,Doug,25.7217,-74.9867
12/30/22 7:38,F9 v1.2 B5.4 ,B1061-11,Unknown,Unknown,SLC-4E,"1 days, 22 hours, 04 minutes",EROS-C3,~400 kg (880 lb),Low-Earth Orbit,ImageSat International,Success,LZ-4,Success,N/A,N/A,N/A,N/A,Unknown / Unknown,Unknown / Unknown,NRC Quest,32.9973,-124.5873
1/3/23 14:56,F9 v1.2 B5.4 ,B1060-15,Unknown,Unknown,SLC-40,"4 days, 07 hours, 17 minutes",Transporter-6: (114 payloads Smallsat Rideshare),Unknown,Sun-Synchronous Orbit,Various,Success,LZ-1,Success,N/A,N/A,N/A,N/A,Yes / Yes,Unknown / Unknown,Bob,23.2350,-79.3333
1/10/23 4:50,F9 v1.2 B5.4,B1076-2,Unknown,Unknown,SLC-40,"6 days, 13 hours, 54 minutes",OneWeb Flight #16 / SpaceX Flight 2,"6,000 kg (13,000 lb)",Polar Low-Earth Orbit,OneWeb,Success,LZ-1,Success,N/A,N/A,N/A,N/A,Yes / Yes,6 / 7,Doug,23.3033,-79.1733
1/15/23 22:56,"FH v1.2 B5.4, F9 v1.2 B5.4, F9 v1.2 B5.4","B1070-1, B1064-2, B1065-2",Unknown,Unknown,LC-39A,"5 days, 18 hours, 05 minutes",USSF-67,"~3,750 kg (8,270 lb)",Geostationary Earth Orbit,USSF,Success,None / LZ-1 / LZ-2,No Attempt / Success / Success,N/A,N/A,N/A,N/A,Yes / Yes,1 / 1,Bob,27.6672,-65.3964
1/18/23 12:24,F9 v1.2 B5.4,B1077-2,Unknown,Unknown,SLC-40,"2 days, 13 hours, 28 minutes",GPS III SV06 (Amelia Earhart),"4,352 kg (9,670 lb)",Medium-Earth Orbit,USSF,Success,ASoG,Success,32.7658,-76.0603,Doug,Crosby Skipper,Yes / Yes,1 / 1,Doug,33.5977,-75.0749
1/19/23 15:43,F9 v1.2 B5.4,B1075-1,Unknown,Unknown,SLC-4E,"1 days, 03 hours, 19 minutes",Starlink Group 2-4 (51 satellites),"~15,650 kg (~34,700 lb)",Low-Earth Orbit,SpaceX,Success,OCISLY,Success,29.1933,-117.7644,GO Quest,Scorpius,Unknown / Unknown,Unknown / Unknown,NRC Quest,29.2206,-117.6910
1/26/23 9:32,F9 v1.2 B5.4,B1067-9,Unknown,Unknown,SLC-40,"6 days, 17 hours, 49 minutes",Starlink Group 5-2 (56 satellites),"~17,200 kg (~38,000 lb)",Low-Earth Orbit,SpaceX,Success,JRtI,Success,25.6097,-74.7964,Bob,Crosby Skipper,Yes / Yes,5 / 6,Bob,25.6097,-74.7964
1/31/23 16:15,F9 v1.2 B5.4,B1071-7,Unknown,Unknown,SLC-4E,"5 days, 06 hours, 42 minutes",Starlink Group 2-6 (49 satellites) & ION SCV009,"~15,000 kg (~33,000 lb)",Low-Earth Orbit,"SpaceX, D-Orbit",Success,OCISLY,Success,29.3194,-117.8264,GO Quest,Scorpius,Unknown / Unknown,3 / 5,NRC Quest,29.3429,-117.7734
2/2/23 7:58,F9 v1.2 B5.4,B1069-5,Unknown,Unknown,LC-39A,"1 days, 15 hours, 43 minutes",Starlink Group 5-3 (53 satellites),"~16,300 kg (~36,000 lb)",Low-Earth Orbit,SpaceX,Success,ASoG,Success,25.6097,-74.7964,Bob,Crosby Endeavor,Yes / Yes,6 / 7,Bob,25.6504,-74.8476
2/7/23 1:32,F9 v1.2 B5.4,B1073-6,Unknown,Unknown,SLC-40,"4 days, 17 hours, 33 minutes",Amazonas Nexus,"~4,500 kg (~9,900 lb)",Geostationary Transfer Orbit,Hispasat,Success,JRtI,Success,28.1564,-74.2564,Bob,Crosby Skipper,Yes / Yes,5 / 6,Bob,28.0533,-72.6643
2/12/23 5:10,F9 v1.2 B5.4 ,B1062-12,Unknown,Unknown,SLC-40,"5 days, 03 hours, 38 minutes",Starlink Group 5-4,"~16,900 kg (~37,200 lb)",Low-Earth Orbit,SpaceX,Success,ASoG,Success,25.5968,-74.8928,Doug,Doug,Yes / Yes,5 / 8,Doug,25.7050,-74.8917
2/17/23 19:12,F9 v1.2 B5.4,B1063-9,Unknown,Unknown,SLC-4E,"5 days, 14 hours, 02 minutes",Starlink Group 2-5,"~15,600 kg (~34,300 lb)",Low-Earth Orbit,SpaceX,Success,OCISLY,Success,29.1800,-117.7583,GO Quest,Scorpius,Unknown / Unknown,5 / 6,NRC Quest,29.2035,-117.7054
2/18/23 3:59,F9 v1.2 B5.4,B1077-3,Unknown,Unknown,SLC-40,"0 days, 08 hours, 46 minutes",Inmarsat I-6 F2,"5,470 kg (12,060 lb)",Geostationary Transfer Orbit,Inmarsat,Success,JRtI,Success,28.9136,-73.7800,Bob,Bob,Yes / Yes,Unknown / Unknown,Bob,28.8612,-72.4411
2/27/23 23:13,F9 v1.2 B5.4,B1076-3,Unknown,Unknown,SLC-40,"9 days, 19 hours, 14 minutes",Starlink Group 6-1,"~16,000 kg (35,000 lb)",Low-Earth Orbit,SpaceX,Success,ASoG,Success,25.7330,-75.1432,Doug,Doug,Yes / Yes,2 / 2,Doug,25.3617,-74.5500
3/2/23 5:34,F9 v1.2 B5.4,B1078-1,Unknown,Unknown,LC-39A,"2 days, 06 hours, 20 minutes",Crew-6  (Crew Dragon C206-4 Endeavour),"~13,000 kg (29,000 lb)",Low-Earth Orbit,NASA,Success,JRtI,Success,32.1800,-76.6583,Bob,Bob,N/A,N/A,N/A,N/A,N/A
3/3/23 18:38,F9 v1.2 B5.4 ,B1061-12,Unknown,Unknown,SLC-4E,"1 days, 13 hours, 03 minutes",Starlink Group 2-7,"~15,600 kg (~34,300 lb)",Low-Earth Orbit,SpaceX,Success,OCISLY,Success,29.1863,-117.7693,GO Quest,Scorpius,Unknown / Unknown,2 / 5,NRC Quest,29.2444,-117.7299
3/9/23 19:13,F9 v1.2 B5.4 ,B1062-13,Unknown,Unknown,SLC-40,"6 days, 00 hours, 34 minutes",OneWeb Flight #17 / SpaceX Flight 3,"~6,000 kg (~13,000 lbs)",Polar Low-Earth Orbit,OneWeb,Success,LZ-1,Success,N/A,N/A,N/A,N/A,Yes / Yes,6 / 6,Bob,23.3033,-79.1733
3/15/23 0:30,F9 v1.2 B5.4,B1073-7,Unknown,Unknown,LC-39A,"5 days, 05 hours, 17 minutes",SpaceX CRS-27 (Dragon C209-3),"2,852 kg (6,288 lb)",Low-Earth Orbit,NASA (CRS),Success,ASoG,Success,30.5464,-78.4486,Doug,Doug,N/A,N/A,N/A,N/A,N/A
3/17/23 19:26,F9 v1.2 B5.4,B1071-8,Unknown,Unknown,SLC-4E,"2 days, 18 hours, 55 minutes",Starlink Group 2-8,"~16,000 kg (35,000 lb)",Low-Earth Orbit,SpaceX,Success,OCISLY,Success,29.1933,-117.7644,GO Quest,Scorpius,Unknown / Unknown,5 / 5,NRC Quest,29.2514,-117.7250
3/17/23 23:38,F9 v1.2 B5.4,B1069-6,Unknown,Unknown,SLC-40,"0 days, 04 hours, 11 minutes",SES 18&19,"~7,000 kg (15,400 lb)",Geostationary Transfer Orbit,SES,Success,JRtI,Success,28.2217,-73.7292,Bob,Crosby Skipper,Yes / Yes,3 / 7,Bob,28.0830,-72.5510
3/24/23 15:43,F9 v1.2 B5.4 ,B1067-10,Unknown,Unknown,SLC-40,"6 days, 16 hours, 05 minutes",Starlink Group 5-5,"~17,200 kg (~38,000 lb)",Low-Earth Orbit,SpaceX,Success,ASoG,Success,25.6904,-75.0434,Doug,Doug,Yes / Yes,6 / 7,Doug,25.7100,-75.1617
3/29/23 20:01,F9 v1.2 B5.4,B1077-4,Unknown,Unknown,SLC-40,"5 days, 04 hours, 17 minutes",Starlink Group 5-10,"~17,200 kg (~38,000 lb)",Low-Earth Orbit,SpaceX,Success,JRtI,Success,25.6097,-74.7964,Bob,Bob,Yes / Yes,7 / 7,Bob,25.6293,-74.9146
3/31/23 14:29,F9 v1.2 B5.4,B1075-2,Unknown,Unknown,SLC-4E,"1 days, 18 hours, 28 minutes",SDA T&T Tranche 0A,"~5,000 kg (~11,000 lb)",Low-Earth Orbit,SDA,Success,LZ-4,Success,N/A,N/A,N/A,N/A,Unknown / Unknown,4 / 6,NRC Quest,30.2790,-119.8380
04/07/23 4:30,F9 v1.2 B5.4,B1076-4,Unknown,Unknown,SLC-40,"6 days, 14 hours, 00 minutes",Intelsat 40e/TEMPO,"6,161 kg (13,600 lb)",Geostationary Transfer Orbit,Intelsat/NASA,Success,ASoG,Success,28.3166,-73.9334,Doug,Doug,Yes / Yes,2 / 8,Doug,28.2350,-73.2083
04/15/23 6:48,F9 v1.2 B5.4 ,B1063-10,Unknown,Unknown,SLC-4E,"8 days, 02 hours, 18 minutes",Transporter-7 (51 payloads),"~5,000 kg (~11,000 lb)",Sun-Synchronous Orbit,Numerous,Success,LZ-4,Success,N/A,N/A,N/A,N/A,Unknown / Unknown,2 / 5,NRC Quest,29.7501,-121.5628
04/19/23 14:31,F9 v1.2 B5.4,B1073-8,Unknown,Unknown,SLC-40,"4 days, 07 hours, 43 minutes",Starlink Group 6-2 (21 satellites),"~16,800 kg (~37,000 lb)",Low-Earth Orbit,SpaceX,Success,ASoG,Success,25.6678,-75.0339,Bob,Crosby Skipper,Yes / Yes,Unknown / Unknown,Bob,25.3617,-74.5500
04/20/23 13:33,SH v1.0,B7-1,SS v1.0,S24-1,OLP-A,"0 days, 23 hours, 01 minutes",Starship Flight 1,0 kg,Sub-orbital,SpaceX,Partial Failure,None,No Attempt / No Attempt,N/A,N/A,N/A,N/A,N/A,N/A,N/A,N/A,N/A
04/27/23 13:40,F9 v1.2 B5.4 ,B1061-13,Unknown,Unknown,SLC-4E,"7 days, 00 hours, 07 minutes",Starlink Group 3-5 (46 satellites),"~14,100 kg (31,100 lb)",Low-Earth Orbit,SpaceX,Success,OCISLY,Success,28.9666,-121.8887,GO Beyond,Scorpius,Unknown / Unknown,6 / 7,NRC Quest,29.0268,-121.8539
04/28/23 22:12,F9 v1.2 B5.4,B1078-2,Unknown,Unknown,SLC-40,"1 days, 08 hours, 32 minutes",O3b mPOWER 3 & 4,"~4,100 kg (9,000 lb)",Medium-Earth Orbit,SES,Success,JRtI,Success,28.2133,-73.6550,Bob,Nicole Foss,Yes / Yes,3 / 4,Bob,28.1967,-72.2300
05/01/23 0:26,"FH v1.2 B5.4, F9 v1.2 B5.1, F9 v1.2 B5.1","B1068-1, B1052-8, B1053-3",Unknown,Unknown,LC-39A,"2 days, 02 hours, 13 minutes",Viasat-3 Americas & others,"~6,722 kg (14,800 lb)",Geostationary Earth Orbit,Astranis Space Technologies and ViaSat,Success,None / None / None,No Attempt / No Attempt / No Attempt,N/A,N/A,N/A,N/A,Yes / Yes,2 / 2,Doug,28.1500,-60.6367
05/04/23 7:31,F9 v1.2 B5.4,B1069-7,Unknown,Unknown,SLC-40,"3 days, 07 hours, 05 minutes",Starlink Group 5-6 (56 satellites),"~17,200 kg (~38,000 lb)",Low-Earth Orbit,SpaceX,Success,ASoG,Success,25.6626,-75.0109,Bob,Crosby Skipper,Yes / Yes,8 / 9,Bob,25.7267,-74.8967
5/10/23 20:09,F9 v1.2 B5.4,B1075-3,Unknown,Unknown,SLC-4E,"6 days, 12 hours, 37 minutes",Starlink Group 2-9 (51 satellites),"~15,600 kg (~34,300 lb)",Low-Earth Orbit,SpaceX,Success,OCISLY,Success,29.2139,-117.7756,GO Beyond,Scorpius,Yes / Yes,2 / 2,GO Beyond,29.2376,-117.6520
5/14/23 5:03,F9 v1.2 B5.4 ,B1067-11,Unknown,Unknown,SLC-40,"3 days, 08 hours, 54 minutes",Starlink Group 5-9 (56 satellites),"~17,200 kg (~38,000 lb)",Low-Earth Orbit,SpaceX,Success,JRtI,Success,25.6031,-74.8854,Bob,Crosby Skipper,Yes / Yes,7 / 8,Bob,25.7100,-75.1000
5/19/23 6:19,F9 v1.2 B5.4,B1076-5,Unknown,Unknown,SLC-40,"5 days, 01 hours, 16 minutes",Starlink Group 6-3 (22 satellites),"~17,600 kg (~37,000 lb)",Low-Earth Orbit,SpaceX,Success,ASoG,Success,25.6678,-75.0339,Doug,Doug/Crosby Skipper,Yes / Yes,8 / 8,Doug,25.4700,-74.6483
5/20/23 13:15,F9 v1.2 B5.4 ,B1063-11,Unknown,Unknown,SLC-4E,"1 days, 06 hours, 55 minutes",Iridium 9 and OneWeb 19,"~7,000 kg (~15,500 lb)",Polar Low-Earth Orbit,SpaceX,Success,OCISLY,Success,28.7528,-120.2539,GO Beyond,Scorpius,Unknown / Unknown,3 / 6,GO Beyond,27.8798,-120.2465
5/21/23 21:37,F9 v1.2 B5.5,B1080-1,Unknown,Unknown,LC-39A,"1 days, 08 hours, 21 minutes",Axiom-2 (Crew Dragon C212-2 Freedom),"~13,000 kg (29,000 lb)",Low-Earth Orbit,Axiom Space,Success,LZ-1,Success,N/A,N/A,N/A,N/A,N/A,N/A,N/A,N/A,N/A
5/27/23 4:30,F9 v1.2 B5.4 ,B1062-14,Unknown,Unknown,SLC-40,"5 days, 06 hours, 53 minutes",Arabsat 7B (Badr-8),"4,500 kg (9,900 lb)",Geostationary Transfer Orbit,Arabsat,Success,JRtI,Success,28.4089,-72.2948,Bob,Bob,Yes / Yes,8 / 9,Bob,28.4114,-73.6072
5/31/23 6:02,F9 v1.2 B5.4 ,B1061-14,Unknown,Unknown,SLC-4E,"4 days, 01 hours, 31 minutes",Starlink Group 2-10 (52 satellites),"~16,000 kg (35,000 lb)",Low-Earth Orbit,SpaceX,Success,OCISLY,Success,29.2139,-117.7756,GO Beyond,Scorpius,Yes / Yes,5 / 7,GO Beyond,29.2783,-117.5983
6/4/2023 12:20,F9 v1.2 B5.4,B1078-3,Unknown,Unknown,SLC-40,"4 days, 06 hours, 18 minutes",Starlink Group 6-4 (22 satellites),"~17,600 kg (~37,000 lb)",Low-Earth Orbit,SpaceX,Success,JRtI,Success,25.6383,-74.9850,Bob,Crosby Skipper,Yes / Yes,6 / 9,Bob,25.3950,-74.5791
6/5/2023 15:47,F9 v1.2 B5.4,B1077-5,Unknown,Unknown,LC-39A,"1 days, 03 hours, 26 minutes",SpaceX CRS-28 (Dragon C208-4),"~3,150+ kg (~7,000+ lb)",Low-Earth Orbit,NASA (CRS),Success,ASoG,Success,32.9778,-75.8242,Doug,Doug,N/A,N/A,N/A,N/A,N/A
6/12/23 7:10,F9 v1.2 B5.4,B1073-9,Unknown,Unknown,SLC-40,"6 days, 15 hours, 23 minutes",Starlink Group 5-11,"~16,000 kg (~35,000 lb)",Low-Earth Orbit,SpaceX,Success,JRtI,Success,25.8130,-75.0812,Bob,Crosby Skipper,Yes / Yes,4 / 5,Bob,25.8367,-75.1850
6/12/23 21:35,F9 v1.2 B5.4,B1071-9,Unknown,Unknown,SLC-4E,"0 days, 14 hours, 24 minutes",Transporter-8 (72 payloads),Unknown,Sun-Synchronous Orbit,Numerous,Success,LZ-4,Success,N/A,N/A,N/A,N/A,Unknown / Unknown,Unknown / Unknown,GO Beyond,29.7795,-121.4606
6/18/23 22:21,F9 v1.2 B5.4 ,B1067-12,Unknown,Unknown,SLC-40,"6 days, 00 hours, 46 minutes",Satria,"~4,700 kg (~10,400 lb)",Geostationary Transfer Orbit,PT Pasifik Satelit Nusantara,Success,ASoG,Success,28.1920,-73.5847,Doug,Doug,Yes / Yes,7 / 9,Doug,28.1983,-72.3033
6/22/23 7:19,F9 v1.2 B5.4,B1075-4,Unknown,Unknown,SLC-4E,"3 days, 08 hours, 57 minutes",Starlink Group 5-7,"~14,500 kg (~32,000 lb)",Low-Earth Orbit,SpaceX,Success,OCISLY,Success,29.6075,-116.7281,GO Beyond,Scorpius,Yes / Yes,3 / 3,GO Beyond,29.9320,-116.7865
6/23/23 15:35,F9 v1.2 B5.4,B1069-8,Unknown,Unknown,SLC-40,"1 days, 08 hours, 16 minutes",Starlink Group 5-12,"~17,200 kg (~38,000 lb)",Low-Earth Orbit,SpaceX,Success,JRtI,Success,25.6539,-75.0039,Bob,Bob,Yes / Yes,7 / 10,Bob,25.6800,-75.0967
7/1/23 15:12,F9 v1.2 B5.5,B1080-2,Unknown,Unknown,SLC-40,"7 days, 23 hours, 36 minutes",Euclid Telescope,"~2,100 kg (~4,600 lb)",Sun-Earth L2,ESA,Success,ASoG,Success,25.8881,-74.2658,Doug,Doug,Yes / Yes,1 / 1,Doug,25.3775,-73.1608
7/7/23 19:29,F9 v1.2 B5.4 ,B1063-12,Unknown,Unknown,SLC-4E,"6 days, 04 hours, 17 minutes",Starlink Group 5-13,"~14,700 kg (~32,400 lb)",Low-Earth Orbit,SpaceX,Success,OCISLY,Success,29.6075,-116.7281,GO Beyond,Scorpius,Unknown / Unknown,4 / 7,GO Beyond,29.9320,-116.7865
7/10/23 3:58,F9 v1.2 B5.3 ,B1058-16,Unknown,Unknown,SLC-40,"2 days, 08 hours, 28 minutes",Starlink Group 6-5,"~17,600 kg (~37,000 lb)",Low-Earth Orbit,SpaceX,Success,JRtI,Success,25.6383,-74.9850,Bob,Crosby Skipper,Yes / Yes,9 / 9,Bob,25.4683,-74.5583
7/16/23 3:50,F9 v1.2 B5.4 ,B1060-16,Unknown,Unknown,SLC-40,"5 days, 23 hours, 51 minutes",Starlink Group 5-15,"~16,600 kg (~36,600 lb)",Low-Earth Orbit,SpaceX,Success,ASoG,Success,25.6436,-74.9844,Doug,Doug,Yes / Yes,9 / 10,Doug,25.6697,-75.0772
7/20/23 4:09,F9 v1.2 B5.4 ,B1071-10,Unknown,Unknown,SLC-4E,"4 days, 00 hours, 19 minutes",Starlink Group 6-15,"~12,000 kg (~26,500 lb)",Low-Earth Orbit,SpaceX,Success,OCISLY,Success,28.8517,-119.0603,GO Beyond,Scorpius,Unknown / Unknown,6 / 6,GO Beyond,28.9413,-119.0678
07/24/23 0:50,F9 v1.2 B5.4,B1076-6,Unknown,Unknown,SLC-40,"3 days, 20 hours, 40 minutes",Starlink Group 6-6,"~17,600 kg (~37,000 lb)",Low-Earth Orbit,SpaceX,Success,JRtI,Success,25.6383,-74.9850,Bob,Crosby Skipper,Yes / Yes,7 / 8,Bob,25.4300,-74.7283
07/28/23 4:01,F9 v1.2 B5.4 ,B1062-15,Unknown,Unknown,SLC-40,"4 days, 03 hours, 11 minutes",Starlink Group 6-7,"~17,600 kg (~37,000 lb)",Low-Earth Orbit,SpaceX,Success,ASoG,Success,25.6867,-75.2317,Bob,Signet Titan,Yes / Yes,2 / 2,Bob,25.4233,-74.7433
07/29/23 3:03,"FH v1.2 B5.4, F9 v1.2 B5.4, F9 v1.2 B5.4","B1074-1, B1064-3, B1065-3",Unknown,Unknown,LC-39A,"0 days, 23 hours, 01 minutes",EchoStar 24 / Jupiter 3,"9,200 kg (20,300 lb)",Geostationary Transfer Orbit,EchoStar,Success,None / LZ-1 / LZ-2,No Attempt / Success / Success,N/A,N/A,N/A,N/A,Yes / Yes,5 / 6,Doug,27.6461,-65.0813
08/03/23 5:00,F9 v1.2 B5.4,B1077-6,Unknown,Unknown,SLC-40,"5 days, 01 hours, 57 minutes",Galaxy 37,"~3,500 kg (~7,700)",Geostationary Transfer Orbit,Intelsat,Success,JRtI,Success,28.0567,-73.8524,Bob,Crosby Skipper,Yes / Yes,8 / 10,Bob,27.9105,-72.5549
08/07/23 2:41,F9 v1.2 B5.4,B1078-4,Unknown,Unknown,SLC-40,"3 days, 21 hours, 40 minutes",Starlink Group 6-8,"~17,600 kg (~37,000 lb)",Low-Earth Orbit,SpaceX,Success,ASoG,Success,25.7527,-75.1741,Doug,Doug,Yes / Yes,8 / 10,Doug,25.4617,-74.7667
08/08/23 3:57,F9 v1.2 B5.4,B1075-5,Unknown,Unknown,SLC-4E,"1 days, 01 hours, 15 minutes",Starlink Group 6-20,"~12,000 kg (~26,500 lb)",Low-Earth Orbit,SpaceX,Success,OCISLY,Success,28.8517,-119.0603,GO Beyond,Scorpius,Yes / Yes,6 / 6,GO Beyond,29.1467,-119.2133
08/11/23 5:17,F9 v1.2 B5.4,B1069-9,Unknown,Unknown,SLC-40,"3 days, 01 hours, 19 minutes",Starlink Group 6-9,"~17,600 kg (~37,000 lb)",Low-Earth Orbit,SpaceX,Success,JRtI,Success,25.7633,-75.1833,Doug,Crosby Skipper,Yes / Yes,10 / 11,Doug,25.6050,-75.0134
08/17/23 3:36,F9 v1.2 B5.4 ,B1067-13,Unknown,Unknown,SLC-40,"5 days, 22 hours, 19 minutes",Starlink Group 6-10,"~17,600 kg (~37,000 lb)",Low-Earth Orbit,SpaceX,Success,ASoG,Success,25.7539,-75.1912,Doug,Doug,Yes / Yes,10 / 11,Doug,25.4667,-74.7633
08/22/23 9:37,F9 v1.2 B5.4 ,B1061-15,Unknown,Unknown,SLC-4E,"5 days, 06 hours, 00 minutes",Starlink Group 7-1,"~16,800 kg (~37,000 lb)",Low-Earth Orbit,SpaceX,Success,OCISLY,Success,29.8806,-116.7508,GO Beyond,Scorpius,Unknown / Unknown,Unknown / Unknown,GO Beyond,29.7083,-116.5267
08/26/23 7:27,F9 v1.2 B5.5,B1081-1,Unknown,Unknown,LC-39A,"3 days, 21 hours, 50 minutes",Crew-7 (Crew Dragon C210-3 Endurance),"~13,000 kg (29,000 lb)",Low-Earth Orbit,NASA (CTS),Success,LZ-1,Success,N/A,N/A,N/A,N/A,N/A,N/A,N/A,N/A,N/A
08/27/23 1:05,F9 v1.2 B5.5,B1080-3,Unknown,Unknown,SLC-40,"0 days, 17 hours, 38 minutes",Starlink Group 6-11,"~17,600 kg (~37,000 lb)",Low-Earth Orbit,SpaceX,Success,JRtI,Success,25.7539,-75.1912,Doug,Signet Titan,Yes / Yes,Unknown / Unknown,Doug,25.4517,-74.7850
09/01/23 2:21,F9 v1.2 B5.4,B1077-7,Unknown,Unknown,SLC-40,"5 days, 01 hours, 15 minutes",Starlink Group 6-13,"~17,600 kg (~37,000 lb)",Low-Earth Orbit,SpaceX,Success,ASoG,Success,25.7539,-75.1912,Doug,Crosby Skipper,Yes / Yes,6 / 7,Doug,25.4267,-74.7167
09/02/23 14:25,F9 v1.2 B5.4 ,B1063-13,Unknown,Unknown,SLC-4E,"1 days, 12 hours, 04 minutes",SDA T&T Tranche 0B,"~5,000 kg (~11,000 lb)",Low-Earth Orbit,SDA,Success,LZ-1,Success,N/A,N/A,N/A,N/A,Unknown / Unknown,5 / 8,GO Beyond,30.0557,-119.5591
09/04/23 2:47,F9 v1.2 B5.4 ,B1073-10,Unknown,Unknown,LC-39A,"1 days, 12 hours, 21 minutes",Starlink Group 6-12,"~16,800 kg (~37,000 lb)",Low-Earth Orbit,SpaceX,Success,JRtI,Success,25.9417,-75.4317,Doug,Signet Titan,Yes / Yes,Unknown / Unknown,Doug,25.5717,-74.9033
09/09/23 3:12,F9 v1.2 B5.4,B1076-7,Unknown,Unknown,SLC-40,"5 days, 00 hours, 24 minutes",Starlink Group 6-14,"~17,600 kg (~37,000 lb)",Low-Earth Orbit,SpaceX,Success,ASoG,Success,25.7539,-75.1912,Doug,Crosby Skipper,Yes / Yes,Unknown / Unknown,Doug,25.4983,-74.6900
09/12/23 6:57,F9 v1.2 B5.4 ,B1071-11,Unknown,Unknown,SLC-4E,"3 days, 03 hours, 45 minutes",Starlink Group 7-2,"~16,800 kg (~37,000 lb)",Low-Earth Orbit,SpaceX,Success,OCISLY,Success,30.0100,-116.7767,GO Beyond,Scorpius,Yes / Yes,Unknown / Unknown,GO Beyond,29.6409,-116.4845
09/16/23 3:38,F9 v1.2 B5.4,B1078-5,Unknown,Unknown,SLC-40,"3 days, 20 hours, 41 minutes",Starlink Group 6-16,"~17,600 kg (~37,000 lb)",Low-Earth Orbit,SpaceX,Success,JRtI,Success,25.7539,-75.1912,Bob,Crosby Skipper,Yes / Yes,Unknown / Unknown,Bob,25.4483,-74.6767
09/20/23 3:38,F9 v1.2 B5.3 ,B1058-17,Unknown,Unknown,SLC-40,"4 days, 00 hours, 00 minutes",Starlink Group 6-17,"~17,600 kg (~37,000 lb)",Low-Earth Orbit,SpaceX,Success,ASoG,Success,25.7832,-75.2183,Doug,Doug,Yes / Yes,Unknown / Unknown,Doug,25.4950,-74.7167
09/24/23 1:07,F9 v1.2 B5.4 ,B1060-17,Unknown,Unknown,SLC-40,"3 days, 21 hours, 29 minutes",Starlink Group 6-18,"~17,600 kg (~37,000 lb)",Low-Earth Orbit,SpaceX,Success,JRtI,Success,25.7680,-75.2351,Bob,Bob,Yes / No,Unknown / Unknown,Bob,25.5417,-74.7000
09/25/23 8:48,F9 v1.2 B5.4,B1075-6,Unknown,Unknown,SLC-4E,"1 days, 07 hours, 41 minutes",Starlink Group 7-3,"~16,800 kg (~37,000 lb)",Low-Earth Orbit,SpaceX,Success,OCISLY,Success,29.9902,-116.7623,GO Beyond,Scorpius,Unknown / Unknown,Unknown / Unknown,GO Beyond,29.6883,-116.3600
09/30/23 2:00,F9 v1.2 B5.4 ,B1069-10,Unknown,Unknown,SLC-40,"4 days, 17 hours, 11 minutes",Starlink Group 6-19,"~17,600 kg (~37,000 lb)",Low-Earth Orbit,SpaceX,Success,ASoG,Success,25.8016,-75.2446,Doug,Doug,Yes / Yes,3 / Unknown,Doug,25.4817,-74.7017
10/05/23 5:36,F9 v1.2 B5.4,B1076-8,Unknown,Unknown,SLC-40,"5 days, 03 hours, 35 minutes",Starlink Group 6-21,"~17,600 kg (~37,000 lb)",Low-Earth Orbit,SpaceX,Success,JRtI,Success,25.7888,-75.2250,Doug,Doug,Yes / Yes,Unknown / Unknown,Doug,25.5017,-74.7200
10/09/23 7:43,F9 v1.2 B5.4 ,B1063-14,Unknown,Unknown,SLC-4E,"4 days, 02 hours, 07 minutes",Starlink Group 7-4,"~16,800 kg (~37,000 lb)",Low-Earth Orbit,SpaceX,Success,OCISLY,Success,30.0405,-116.8907,GO Beyond,Kimberly C,Yes / Yes,Unknown / Unknown,GO Beyond,29.6504,-116.4804
10/13/23 14:19,"FH v1.2 B5.4, F9 v1.2 B5.4, F9 v1.2 B5.4","B1079-1, B1064-4, B1065-4",Unknown,Unknown,LC-39A,"4 days, 06 hours, 36 minutes",Psyche,"2,600 kg",Heliocentric,SpaceX,Success,None / LZ-1 / LZ-2,No Attempt / Success / Success,N/A,N/A,N/A,N/A,Yes / Yes,1 / 1,Bob,25.2950,-65.4900
10/13/23 23:01,F9 v1.2 B5.4 ,B1067-14,Unknown,Unknown,SLC-40,"0 days, 08 hours, 41 minutes",Starlink Group 6-22,"~17,600 kg (~37,000 lb)",Low-Earth Orbit,SpaceX,Success,ASoG,Success,25.7827,-75.2237,Doug,Crosby Skipper,Yes / Yes,Unknown / Unknown,Doug,25.4183,-74.5950
10/18/23 0:39,F9 v1.2 B5.4 ,B1062-16,Unknown,Unknown,SLC-40,"4 days, 01 hours, 38 minutes",Starlink Group 6-23,"~17,600 kg (~37,000 lb)",Low-Earth Orbit,SpaceX,Success,JRtI,Success,25.8433,-75.3533,Bob,Signet Titan,Yes / Yes,Unknown / Unknown,Bob,25.6650,-74.6550
10/21/23 8:23,F9 v1.2 B5.4 ,B1061-16,Unknown,Unknown,SLC-4E,"3 days, 07 hours, 44 minutes",Starlink Group 7-5,"~16,800 kg (~37,000 lb)",Low-Earth Orbit,SpaceX,Success,OCISLY,Success,29.9902,-116.7623,GO Beyond,Kimberly C,Yes / Yes,Unknown / Unknown,GO Beyond,29.6036,-116.4108
10/22/23 2:17,F9 v1.2 B5.5,B1080-4,Unknown,Unknown,SLC-40,"0 days, 17 hours, 53 minutes",Starlink Group 6-24,"~18,400 kg (~40,500 lb)",Low-Earth Orbit,SpaceX,Success,ASoG,Success,25.7924,-75.2334,Doug,Crosby Skipper,Yes / Yes,Unknown / Unknown,Doug,25.4467,-74.6600
10/29/23 9:00,F9 v1.2 B5.4,B1075-7,Unknown,Unknown,SLC-4E,"7 days, 06 hours, 43 minutes",Starlink Group 7-6,"~17,600 kg (~37,000 lb)",Low-Earth Orbit,SpaceX,Success,OCISLY,Success,29.9902,-116.7623,GO Beyond,Kimberly C,Yes / Yes,Unknown / Unknown,GO Beyond,29.5417,-116.3783
10/30/23 23:20,F9 v1.2 B5.4,B1077-8,Unknown,Unknown,SLC-40,"1 days, 14 hours, 19 minutes",Starlink Group 6-25,"~18,400 kg (~40,500 lb)",Low-Earth Orbit,SpaceX,Success,JRtI,Success,25.7924,-75.2334,Bob,Signet Titan,Yes / Yes,Unknown / Unknown,Bob,25.5150,-74.6417
11/04/23 0:37,F9 v1.2 B5.3 ,B1058-18,Unknown,Unknown,SLC-40,"4 days, 01 hours, 16 minutes",Starlink Group 6-26,"~18,400 kg (~40,500 lb)",Low-Earth Orbit,SpaceX,Success,ASoG,Success,25.7924,-75.2334,Doug,Crosby Skipper,Yes / Yes,13 / 13,Doug,25.4467,-74.6600
11/08/23 5:05,F9 v1.2 B5.4 ,B1073-11,Unknown,Unknown,SLC-40,"4 days, 04 hours, 28 minutes",Starlink Group 6-27,"~18,400 kg (~40,500 lb)",Low-Earth Orbit,SpaceX,Success,JRtI,Success,25.8150,-75.3500,Bob,Signet Titan,Yes / Yes,Unknown / Unknown,Bob,25.4217,-74.6933
11/10/23 1:28,F9 v1.2 B5.5,B1081-2,Unknown,Unknown,LC-39A,"1 days, 20 hours, 22 minutes",SpaceX CRS-29 (Dragon C211-2),"~3,000 kg (6,500 lb)",Low-Earth Orbit,NASA (CRS),Success,LZ-1,Success,N/A,N/A,N/A,N/A,N/A,N/A,N/A,N/A,N/A
11/11/23 18:49,F9 v1.2 B5.4 ,B1071-12,Unknown,Unknown,SLC-4E,"1 days, 17 hours, 20 minutes",Transporter-9,Unknown,Sun-Synchronous Orbit,Numerous,Success,LZ-4,Success,N/A,N/A,N/A,N/A,Unknown / Unknown,Unknown / Unknown,GO Beyond,29.8683,-121.5983
11/12/23 21:08,F9 v1.2 B5.4,B1076-9,Unknown,Unknown,SLC-40,"1 days, 02 hours, 19 minutes",O3b mPOWER 5 & 6,"3,400 kg (~7,500 lb)",Medium-Earth Orbit,SES S.A.,Success,ASoG,Success,28.2697,-73.5850,Bob,Crosby Skipper,Yes / Yes,8 / 9,Bob,28.1883,-72.3583
11/18/23 5:05,F9 v1.2 B5.4 ,B1069-11,Unknown,Unknown,SLC-40,"5 days, 07 hours, 56 minutes",Starlink Group 6-28,"~18,400 kg (~40,500 lb)",Low-Earth Orbit,SpaceX,Success,JRtI,Success,25.8150,-75.3500,Bob,Signet Titan,Yes / Yes,Unknown / Unknown,Bob,25.6080,-74.6808
11/18/23 13:02,SH v1.0,B9-1,SS v1.0,S25-1,OLP-A,"0 days, 07 hours, 57 minutes",Starship Flight 2,0 kg,Sub-orbital,SpaceX,Partial Failure,None / None,No Attempt / No Attempt,N/A,N/A,N/A,N/A,N/A,N/A,N/A,N/A,N/A
11/20/23 10:30,F9 v1.2 B5.4 ,B1063-15,Unknown,Unknown,SLC-4E,"1 days, 21 hours, 27 minutes",Starlink Group 7-7,"~17,600 kg (~37,000 lb)",Low-Earth Orbit,SpaceX,Success,OCISLY,Success,29.8806,-116.7508,GO Beyond,Debra C,Unknown / Unknown,Unknown / Unknown,GO Beyond,29.4983,-116.3950
11/22/23 7:47,F9 v1.2 B5.4 ,B1067-15,Unknown,Unknown,SLC-40,"1 days, 21 hours, 17 minutes",Starlink Group 6-29,"~18,400 kg (~40,500 lb)",Low-Earth Orbit,SpaceX,Success,ASoG,Success,25.7644,-75.1885,Bob,Crosby Skipper,Yes / No,Unknown / Unknown,Bob,25.4900,-74.6750
11/28/23 4:20,F9 v1.2 B5.4 ,B1062-17,Unknown,Unknown,SLC-40,"5 days, 20 hours, 32 minutes",Starlink Group 6-30,"~18,400 kg (~40,500 lb)",Low-Earth Orbit,SpaceX,Success,JRtI,Success,25.7178,-75.1039,Bob,Crosby Skipper,Yes / Yes,Unknown / Unknown,Bob,25.3817,-74.5950
12/01/23 18:19,F9 v1.2 B5.4 ,B1061-17,Unknown,Unknown,SLC-4E,"3 days, 13 hours, 59 minutes",425 Project Flight 1 & others,"~1,000 kg (~2,400 lb)",Sun-Synchronous Orbit,South Korean DAPA & others,Success,LZ-4,Success,N/A,N/A,N/A,N/A,Unknown / Unknown,Unknown / Unknown,GO Beyond,31.3509,-121.9057
12/03/23 4:00,F9 v1.2 B5.4,B1078-6,Unknown,Unknown,SLC-40,"1 days, 09 hours, 40 minutes",Starlink Group 6-31,"~18,400 kg (~40,500 lb)",Low-Earth Orbit,SpaceX,Success,ASoG,Success,25.7178,-75.1039,Doug,Signet Titan,Yes / Yes,Unknown / Unknown,Doug,25.7100,-74.8900
12/07/23 5:07,F9 v1.2 B5.4,B1077-9,Unknown,Unknown,SLC-40,"4 days, 01 hours, 06 minutes",Starlink Group 6-33,"~18,400 kg (~40,500 lb)",Low-Earth Orbit,SpaceX,Success,JRtI,Success,25.7178,-75.1039,Bob,Crosby Skipper,Yes / Yes,Unknown / Unknown,Bob,25.3817,-74.5083
12/08/23 8:03,F9 v1.2 B5.4 ,B1071-13,Unknown,Unknown,SLC-4E,"1 days, 02 hours, 56 minutes",Starlink Group 7-8,"~17,600 kg (~37,000 lb)",Low-Earth Orbit,SpaceX,Success,OCISLY,Success,29.8806,-116.7508,GO Beyond,Debra C,Unknown / Unknown,Unknown / Unknown,GO Beyond,29.5417,-116.3783
12/19/23 4:01,F9 v1.2 B5.5,B1081-3,Unknown,Unknown,SLC-40,"10 days, 19 hours, 57 minutes",Starlink Group 6-34,"~18,400 kg (~40,500 lb)",Low-Earth Orbit,SpaceX,Success,ASoG,Success,25.7178,-75.1039,Bob,Signet Titan / Signet Warhorse III,Yes / Yes,Unknown / Unknown,Bob,25.4978,-74.5686
12/23/23 5:33,F9 v1.2 B5.3 ,B1058-19,Unknown,Unknown,SLC-40,"4 days, 01 hours, 31 minutes",Starlink Group 6-32,"~18,400 kg (~40,500 lb)",Low-Earth Orbit,SpaceX,Success,JRtI,Success,25.7178,-75.1039,Bob,Kurt J Crosby,Yes / Yes,Unknown / Unknown,Bob,25.3850,-74.6633
12/24/23 13:11,F9 v1.2 B5.4,B1075-8,Unknown,Unknown,SLC-4E,"1 days, 07 hours, 38 minutes",SARah-2 and SARah-3,"3,800 kg (~8,400 lb)",Polar Low-Earth Orbit,Bundeswehr,Success,LZ-4,Success,N/A,N/A,N/A,N/A,Unknown / Unknown,Unknown / Unknown,GO Beyond,30.4990,-120.6573
12/29/23 1:07,"FH v1.2 B5.5, F9 v1.2 B5.4, F9 v1.2 B5.4","B1084-1, B1064-5, B1065-5",Unknown,Unknown,LC-39A,"4 days, 11 hours, 55 minutes",USSF-52,"~5,000 kg (~11,000 lb)",Molniya,USSF,Success,None / LZ-1 / LZ-2,No Attempt / Success / Success,N/A,N/A,N/A,N/A,Yes / Yes,1 / 1,Doug,37.8633,-68.9900
12/29/23 4:01,F9 v1.2 B5.4 ,B1069-12,Unknown,Unknown,SLC-40,"0 days, 02 hours, 54 minutes",Starlink Group 6-36,"~18,400 kg (~40,500 lb)",Low-Earth Orbit,SpaceX,Success,ASoG,Success,25.7178,-75.1039,Bob,Signet Warhorse III,Yes / Yes,Unknown / Unknown,Bob,25.6400,-74.4867
01/03/24 3:44,F9 v1.2 B5.5,B1082-1,Unknown,Unknown,SLC-4E,"4 days, 23 hours, 42 minutes",Starlink Group 7-9,"~16,800 kg (~37,000 lb)",Low-Earth Orbit,SpaceX,Success,OCISLY,Success,29.8806,-116.7508,GO Beyond,Debra C,Unknown / Unknown,Unknown / Unknown,GO Beyond,29.5417,-116.3783
01/03/24 23:04,F9 v1.2 B5.4 ,B1076-10,Unknown,Unknown,SLC-40,"0 days, 19 hours, 19 minutes",Ovzon-3,"1,800 kg",Geostationary Transfer Orbit,SpaceX,Success,LZ-1,Success,N/A,N/A,N/A,N/A,Yes / Yes,Unknown / Unknown,Bob,28.8350,-75.2083
01/07/24 22:35,F9 v1.2 B5.4 ,B1067-16,Unknown,Unknown,SLC-40,"3 days, 23 hours, 30 minutes",Starlink Group 6-35,"~18,400 kg (~40,500 lb)",Low-Earth Orbit,SpaceX,Success,ASoG,Success,25.6936,-75.0950,Doug,Signet Titan III,Yes / Yes,Unknown / Unknown,Doug,25.4900,-74.5617
01/14/24 8:59,F9 v1.2 B5.4 ,B1061-18,Unknown,Unknown,SLC-4E,"6 days, 10 hours, 24 minutes",Starlink Group 7-10,"~17,600 kg (~37,000 lb)",Low-Earth Orbit,SpaceX,Success,OCISLY,Success,29.8806,-116.7508,GO Beyond,Scorpius,Unknown / Unknown,Unknown / Unknown,GO Beyond,29.5417,-116.3783
01/15/24 1:52,F9 v1.2 B5.4 ,B1073-12,Unknown,Unknown,SLC-40,"0 days, 16 hours, 52 minutes",Starlink Group 6-37,"~18,400 kg (~40,500 lb)",Low-Earth Orbit,SpaceX,Success,ASoG,Success,25.6936,-75.0950,Doug,Signet Warhorse III,Yes / Yes,Unknown / Unknown,Doug,25.5260,-74.5548
01/18/24 21:49,F9 v1.2 B5.5,B1080-5,Unknown,Unknown,LC-39A,"3 days, 19 hours, 57 minutes",Axiom-3,"~13,000 kg (29,000 lb)",Low-Earth Orbit,Axiom Space,Success,LZ-1,Success,N/A,N/A,N/A,N/A,N/A,N/A,N/A,N/A,N/A
01/24/24 0:35,F9 v1.2 B5.4 ,B1063-16,Unknown,Unknown,SLC-4E,"5 days, 02 hours, 45 minutes",Starlink Group 7-11,"~17,600 kg (~37,000 lb)",Low-Earth Orbit,SpaceX,Success,OCISLY,Success,29.8806,-116.7508,GO Beyond,Kimberly C,Unknown / Unknown,Unknown / Unknown,GO Beyond,29.5417,-116.3783
01/29/24 1:10,F9 v1.2 B5.4 ,B1062-18,Unknown,Unknown,LC-39A,"5 days, 00 hours, 34 minutes",Starlink Group 6-38,"~18,400 kg (~40,500 lb)",Low-Earth Orbit,SpaceX,Success,ASoG,Success,25.6936,-75.0950,Bob,Signet Warhorse III,Yes / Yes,15 / Unknown,Bob,25.4900,-74.5617
01/29/24 5:57,F9 v1.2 B5.4,B1075-9,Unknown,Unknown,SLC-4E,"0 days, 04 hours, 47 minutes",Starlink Group 7-12,"~17,600 kg (~37,000 lb)",Low-Earth Orbit,SpaceX,Success,OCISLY,Success,29.8806,-116.7508,GO Beyond,Debra C,Unknown / Unknown,Unknown / Unknown,GO Beyond,29.6250,-116.5117
01/30/24 17:07,F9 v1.2 B5.4 ,B1077-10,Unknown,Unknown,SLC-40,"1 days, 11 hours, 09 minutes",NG-20,"3,726 kg (8,214 lb)",Low-Earth Orbit,NASA/Northrop Grumman,Success,LZ-1,Success,N/A,N/A,N/A,N/A,Yes / Yes,1 / 1,Doug,31.4817,-76.9083
02/08/24 6:33,F9 v1.2 B5.5,B1081-4,Unknown,Unknown,SLC-40,"8 days, 13 hours, 26 minutes",PACE,"1,964 kg (4,329 lb)",Sun-Synchronous Orbit,NASA,Success,LZ-1,Success,N/A,N/A,N/A,N/A,Yes / Yes,1 / 1,Bob,24.2283,-79.6800
02/10/24 0:34,F9 v1.2 B5.4 ,B1071-14,Unknown,Unknown,SLC-4E,"1 days, 18 hours, 00 minutes",Starlink Group 7-13,"~17,600 kg (~37,000 lb)",Low-Earth Orbit,SpaceX,Success,OCISLY,Success,29.8806,-116.7508,GO Beyond,Debra C,Unknown / Unknown,Unknown / Unknown,GO Beyond,29.5417,-116.3783
02/14/24 22:30,F9 v1.2 B5.4,B1078-7,Unknown,Unknown,SLC-40,"4 days, 21 hours, 56 minutes",USSF-124,Unknown,Low-Earth Orbit,USSF/SDA,Success,LZ-2,Success,N/A,N/A,N/A,N/A,Yes / Yes,Unknown / Unknown,Doug,30.4250,-75.9400
02/15/24 6:05,F9 v1.2 B5.4 ,B1060-18,Unknown,Unknown,LC-39A,"0 days, 07 hours, 34 minutes",Nova C (IM-1),"1,931 kg (4,250 lb)",Ballistic lunar transfer (BLT),Intuitive Machines / NASA,Success,LZ-1,Success,N/A,N/A,N/A,N/A,Yes / Yes,Unknown / Unknown,Bob,28.6047,-75.1815
02/15/24 21:34,F9 v1.2 B5.5,B1082-2,Unknown,Unknown,SLC-4E,"0 days, 15 hours, 29 minutes",Starlink Group 7-14,"~17,600 kg (~37,000 lb)",Low-Earth Orbit,SpaceX,Success,OCISLY,Success,29.8806,-116.7508,GO Beyond,Debra C,Unknown / Unknown,Unknown / Unknown,GO Beyond,29.5417,-116.3783
02/20/24 20:11,F9 v1.2 B5.4 ,B1067-17,Unknown,Unknown,SLC-40,"4 days, 22 hours, 37 minutes",Merah Putih 2,"~4,000 kg (8,800 lb)",Geostationary Transfer Orbit,Telkomsat,Success,JRtI,Success,28.4575,-73.9808,Bob,Signet Warhorse III,Yes / No,Unknown / Unknown,Bob,28.4095,-72.3226
02/23/24 4:11,F9 v1.2 B5.4 ,B1061-19,Unknown,Unknown,SLC-4E,"2 days, 08 hours, 00 minutes",Starlink Group 7-15,"~17,600 kg (~37,000 lb)",Low-Earth Orbit,SpaceX,Success,OCISLY,Success,30.1249,-116.9509,GO Beyond,Debra C,Unknown / Unknown,Unknown / Unknown,GO Beyond,29.5379,-116.4573
02/25/24 22:06,F9 v1.2 B5.4 ,B1069-13,Unknown,Unknown,SLC-40,"2 days, 17 hours, 54 minutes",Starlink Group 6-39,"~17,500 kg (~35,800 lb)",Low-Earth Orbit,SpaceX,Success,ASoG,Success,25.6259,-74.9857,Doug,Kurt J Crosby,Yes / Yes,Unknown / Unknown,Doug,25.2617,-74.3983
02/29/24 15:30,F9 v1.2 B5.4 ,B1076-11,Unknown,Unknown,SLC-40,"3 days, 17 hours, 24 minutes",Starlink Group 6-40,"~16,800 kg (~37,000 lb)",Low-Earth Orbit,SpaceX,Success,JRtI,Success,25.6936,-75.0950,Bob,Signet Warhorse III,Yes / Yes,Unknown / Unknown,Bob,25.4300,-74.8583
03/04/24 3:53,F9 v1.2 B5.5,B1083-1,Unknown,Unknown,LC-39A,"3 days, 12 hours, 23 minutes",Crew-8 (Crew Dragon C206-5 Endeavour),"~13,000 kg (29,000 lb)",Low-Earth Orbit,NASA (CTS),Success,LZ-1,Success,N/A,N/A,N/A,N/A,N/A,N/A,N/A,N/A,N/A
03/04/24 22:05,F9 v1.2 B5.5,B1081-5,Unknown,Unknown,SLC-4E,"0 days, 18 hours, 11 minutes",Transporter-10,"~5,000 kg (~11,000 lb)",Sun-Synchronous Orbit,Various,Success,LZ-4,Success,N/A,N/A,N/A,N/A,Unknown / Unknown,Unknown / Unknown,GO Beyond,29.8546,-121.6360
03/04/24 23:56,F9 v1.2 B5.4 ,B1073-13,Unknown,Unknown,SLC-40,"0 days, 01 hours, 50 minutes",Starlink Group 6-41,"~16,800 kg (~37,000 lb)",Low-Earth Orbit,SpaceX,Success,ASoG,Success,25.8495,-75.3290,Doug,Doug,Yes / Yes,Unknown / Unknown,Doug,25.5816,-74.8283
03/10/24 23:05,F9 v1.2 B5.4 ,B1077-11,Unknown,Unknown,SLC-40,"5 days, 23 hours, 09 minutes",Starlink Group 6-43,"~16,800 kg (~37,000 lb)",Low-Earth Orbit,SpaceX,Success,JRtI,Success,,,Bob,Signet Warhorse III,Yes / Yes,Unknown / Unknown,Bob,,
03/11/24 4:09,F9 v1.2 B5.4 ,B1063-17,Unknown,Unknown,SLC-4E,"0 days, 05 hours, 04 minutes",Starlink Group 7-17,"~16,800 kg (~37,000 lb)",Low-Earth Orbit,SpaceX,Success,OCISLY,Success,,,GO Beyond,Lindsay C,Unknown / Unknown,Unknown / Unknown,GO Beyond,,
03/14/24 13:25,SH v1.0,B10-1,SS v1.0,S28-1,OLP-A,"3 days, 09 hours, 15 minutes",Starship Flight 3,None,Sub-orbital,SpaceX,Success,None / None,Uncontrolled (ocean) / Uncontrolled (ocean),N/A,N/A,N/A,N/A,N/A,N/A,N/A,N/A,N/A
03/16/24 0:21,F9 v1.2 B5.4 ,B1062-19,Unknown,Unknown,LC-39A,"1 days, 10 hours, 55 minutes",Starlink Group 6-44,"~16,800 kg (~37,000 lb)",Low-Earth Orbit,SpaceX,Success,ASoG,Success,,,Doug,Doug,Attempt / Attempt,Unknown / Unknown,Doug,,
03/19/24 2:28,F9 v1.2 B5.4,B1075-10,Unknown,Unknown,SLC-4E,"3 days, 02 hours, 07 minutes","Starlink Group 7-16, USA-350, and USA-351","~16,100 kg (~35,500 lb)",Low-Earth Orbit,SpaceX,Success,OCISLY,Success,,,GO Beyond,Lindsay C,Unknown / Unknown,Unknown / Unknown,GO Beyond,,
03/21/24 20:55,F9 v1.2 B5.5,B1080-6,Unknown,Unknown,SLC-40,"2 days, 18 hours, 27 minutes",CRS-30,"2,841 kg (6,263 lb) (excl. Dragon mass)",Low-Earth Orbit,NASA,Success,LZ-1,Success,N/A,N/A,N/A,N/A,N/A,N/A,N/A,N/A,N/A
03/24/24 3:09,F9 v1.2 B5.4,B1060-19,Unknown,Unknown,LC-39A,"2 days, 06 hours, 13 minutes",Starlink Group 6-42,"~16,800 kg (~37,000 lb)",Low-Earth Orbit,SpaceX,Success,JRtI,Success,,,Bob,Bob,,Unknown / Unknown,Bob,,
03/25/24 23:42,F9 v1.2 B5.4,B1078-8,Unknown,Unknown,SLC-40,"1 days, 20 hours, 33 minutes",Starlink Group 6-46,"~16,800 kg (~37,000 lb)",Low-Earth Orbit,SpaceX,Success,ASoG,Success,,,Doug,Signet Warhorse III,,Unknown / Unknown,Doug,,
03/30/24 21:52,F9 v1.2 B5.4,B1076-12,Unknown,Unknown,LC-39A,"4 days, 22 hours, 09 minutes",Eutelsat 36D,"5,000 kg (11,000 lb)",Geostationary Transfer Orbit,Eutelsat,Success,JRtI,Success,,,Bob,Crosby Courage,,Unknown / Unknown,Bob,,
03/31/24 1:30,F9 v1.2 B5.4,B1067-18,Unknown,Unknown,SLC-40,"0 days, 03 hours, 37 minutes",Starlink Group 6-45,"~16,800 kg (~37,000 lb)",Low-Earth Orbit,SpaceX,Success,ASoG,Success,,,Doug,Signet Warhorse III,,Unknown / Unknown,Doug,,
04/02/24 2:30,F9 v1.2 B5.4,B1071-15,Unknown,Unknown,SLC-4E,"2 days, 00 hours, 59 minutes",Starlink Group 7-18,"~16,100 kg (~35,500 lb)",Low-Earth Orbit,SpaceX,Success,OCISLY,Success,,,GO Beyond,Lindsay C,,Unknown / Unknown,GO Beyond,,
04/05/24 9:12,F9 v1.2 B5.4,B1069-14,Unknown,Unknown,SLC-40,"3 days, 06 hours, 42 minutes",Starlink Group 6-47,"~16,800 kg (~37,000 lb)",Low-Earth Orbit,SpaceX,Success,ASoG,Success,,,Doug,Signet Warhorse III,,,Doug,,
04/06/24 2:31,F9 v1.2 B5.5,B1081-6,Unknown,Unknown,SLC-4E,"0 days, 17 hours, 19 minutes",Starlink Group 8-1,"~15,300 kg (~33,700 lb)",Low-Earth Orbit,SpaceX,Success,OCISLY,Success,,,GO Beyond,Lindsay C,,,GO Beyond,,
